<?xml version="1.0" ?>
<root>
   <agent start_id="6" goal_id="637"/>
   <agent start_id="199" goal_id="831"/>
   <agent start_id="674" goal_id="428"/>
   <agent start_id="413" goal_id="38"/>
   <agent start_id="867" goal_id="621"/>
   <agent start_id="183" goal_id="814"/>
   <agent start_id="794" goal_id="418"/>
   <agent start_id="658" goal_id="412"/>
   <agent start_id="247" goal_id="750"/>
   <agent start_id="605" goal_id="358"/>
   <agent start_id="166" goal_id="798"/>
   <agent start_id="628" goal_id="252"/>
   <agent start_id="780" goal_id="335"/>
   <agent start_id="835" goal_id="588"/>
   <agent start_id="412" goal_id="37"/>
   <agent start_id="782" goal_id="535"/>
   <agent start_id="86" goal_id="589"/>
   <agent start_id="132" goal_id="764"/>
   <agent start_id="572" goal_id="326"/>
   <agent start_id="749" goal_id="373"/>
   <agent start_id="519" goal_id="272"/>
   <agent start_id="363" goal_id="116"/>
   <agent start_id="251" goal_id="754"/>
   <agent start_id="556" goal_id="309"/>
   <agent start_id="583" goal_id="207"/>
   <agent start_id="632" goal_id="503"/>
   <agent start_id="731" goal_id="203"/>
   <agent start_id="212" goal_id="715"/>
   <agent start_id="539" goal_id="293"/>
   <agent start_id="871" goal_id="625"/>
   <agent start_id="217" goal_id="720"/>
   <agent start_id="469" goal_id="818"/>
   <agent start_id="2" goal_id="415"/>
   <agent start_id="71" goal_id="222"/>
   <agent start_id="223" goal_id="855"/>
   <agent start_id="427" goal_id="51"/>
   <agent start_id="452" goal_id="7"/>
   <agent start_id="383" goal_id="3"/>
   <agent start_id="646" goal_id="399"/>
   <agent start_id="839" goal_id="592"/>
   <agent start_id="763" goal_id="388"/>
   <agent start_id="436" goal_id="786"/>
   <agent start_id="76" goal_id="719"/>
   <agent start_id="244" goal_id="876"/>
   <agent start_id="191" goal_id="822"/>
   <agent start_id="95" goal_id="597"/>
   <agent start_id="666" goal_id="420"/>
   <agent start_id="859" goal_id="613"/>
   <agent start_id="758" goal_id="382"/>
   <agent start_id="560" goal_id="313"/>
   <agent start_id="56" goal_id="558"/>
   <agent start_id="403" goal_id="157"/>
   <agent start_id="843" goal_id="216"/>
   <agent start_id="591" goal_id="265"/>
   <agent start_id="790" goal_id="543"/>
   <agent start_id="265" goal_id="768"/>
   <agent start_id="387" goal_id="141"/>
   <agent start_id="827" goal_id="580"/>
   <agent start_id="425" goal_id="50"/>
   <agent start_id="142" goal_id="773"/>
   <agent start_id="124" goal_id="474"/>
   <agent start_id="55" goal_id="557"/>
   <agent start_id="810" goal_id="564"/>
   <agent start_id="259" goal_id="762"/>
   <agent start_id="125" goal_id="757"/>
   <agent start_id="601" goal_id="354"/>
   <agent start_id="640" goal_id="687"/>
   <agent start_id="723" goal_id="686"/>
   <agent start_id="741" goal_id="494"/>
   <agent start_id="645" goal_id="270"/>
   <agent start_id="338" goal_id="92"/>
   <agent start_id="98" goal_id="601"/>
   <agent start_id="285" goal_id="268"/>
   <agent start_id="724" goal_id="478"/>
   <agent start_id="479" goal_id="104"/>
   <agent start_id="322" goal_id="75"/>
   <agent start_id="48" goal_id="22"/>
   <agent start_id="268" goal_id="391"/>
   <agent start_id="708" goal_id="462"/>
   <agent start_id="313" goal_id="816"/>
   <agent start_id="305" goal_id="59"/>
   <agent start_id="252" goal_id="6"/>
   <agent start_id="600" goal_id="225"/>
   <agent start_id="692" goal_id="445"/>
   <agent start_id="147" goal_id="650"/>
   <agent start_id="289" goal_id="43"/>
   <agent start_id="236" goal_id="867"/>
   <agent start_id="434" goal_id="46"/>
   <agent start_id="429" goal_id="183"/>
   <agent start_id="484" goal_id="108"/>
   <agent start_id="26" goal_id="658"/>
   <agent start_id="395" goal_id="19"/>
   <agent start_id="806" goal_id="327"/>
   <agent start_id="798" goal_id="551"/>
   <agent start_id="444" goal_id="69"/>
   <agent start_id="776" goal_id="745"/>
   <agent start_id="588" goal_id="342"/>
   <agent start_id="229" goal_id="731"/>
   <agent start_id="278" goal_id="781"/>
   <agent start_id="379" goal_id="132"/>
   <agent start_id="610" goal_id="234"/>
   <agent start_id="63" goal_id="565"/>
   <agent start_id="762" goal_id="228"/>
   <agent start_id="765" goal_id="519"/>
   <agent start_id="362" goal_id="68"/>
   <agent start_id="350" goal_id="694"/>
   <agent start_id="775" goal_id="49"/>
   <agent start_id="324" goal_id="512"/>
   <agent start_id="824" goal_id="502"/>
   <agent start_id="100" goal_id="449"/>
   <agent start_id="233" goal_id="404"/>
   <agent start_id="293" goal_id="736"/>
   <agent start_id="486" goal_id="240"/>
   <agent start_id="283" goal_id="785"/>
   <agent start_id="576" goal_id="330"/>
   <agent start_id="769" goal_id="523"/>
   <agent start_id="818" goal_id="443"/>
   <agent start_id="85" goal_id="716"/>
   <agent start_id="127" goal_id="67"/>
   <agent start_id="310" goal_id="448"/>
   <agent start_id="652" goal_id="507"/>
   <agent start_id="17" goal_id="277"/>
   <agent start_id="700" goal_id="453"/>
   <agent start_id="51" goal_id="682"/>
   <agent start_id="282" goal_id="784"/>
   <agent start_id="613" goal_id="875"/>
   <agent start_id="243" goal_id="238"/>
   <agent start_id="437" goal_id="191"/>
   <agent start_id="618" goal_id="137"/>
   <agent start_id="770" goal_id="243"/>
   <agent start_id="474" goal_id="447"/>
   <agent start_id="667" goal_id="421"/>
   <agent start_id="872" goal_id="497"/>
   <agent start_id="264" goal_id="18"/>
   <agent start_id="325" goal_id="828"/>
   <agent start_id="596" goal_id="350"/>
   <agent start_id="404" goal_id="158"/>
   <agent start_id="331" goal_id="833"/>
   <agent start_id="665" goal_id="633"/>
   <agent start_id="195" goal_id="826"/>
   <agent start_id="115" goal_id="618"/>
   <agent start_id="314" goal_id="291"/>
   <agent start_id="755" goal_id="64"/>
   <agent start_id="863" goal_id="617"/>
   <agent start_id="179" goal_id="810"/>
   <agent start_id="187" goal_id="452"/>
   <agent start_id="372" goal_id="125"/>
   <agent start_id="877" goal_id="501"/>
   <agent start_id="847" goal_id="832"/>
   <agent start_id="162" goal_id="794"/>
   <agent start_id="661" goal_id="286"/>
   <agent start_id="109" goal_id="741"/>
   <agent start_id="291" goal_id="91"/>
   <agent start_id="820" goal_id="793"/>
   <agent start_id="777" goal_id="531"/>
   <agent start_id="120" goal_id="622"/>
   <agent start_id="339" goal_id="93"/>
   <agent start_id="814" goal_id="568"/>
   <agent start_id="876" goal_id="500"/>
   <agent start_id="761" goal_id="515"/>
</root>