<?xml version="1.0" ?>
<root>
   <agent start_id="35" goal_id="384"/>
   <agent start_id="18" goal_id="520"/>
   <agent start_id="811" goal_id="565"/>
   <agent start_id="373" goal_id="126"/>
   <agent start_id="408" goal_id="33"/>
   <agent start_id="848" goal_id="602"/>
   <agent start_id="740" goal_id="364"/>
   <agent start_id="795" goal_id="548"/>
   <agent start_id="242" goal_id="745"/>
   <agent start_id="339" goal_id="688"/>
   <agent start_id="779" goal_id="154"/>
   <agent start_id="529" goal_id="98"/>
   <agent start_id="94" goal_id="725"/>
   <agent start_id="815" goal_id="569"/>
   <agent start_id="755" goal_id="32"/>
   <agent start_id="762" goal_id="516"/>
   <agent start_id="363" goal_id="866"/>
   <agent start_id="77" goal_id="709"/>
   <agent start_id="799" goal_id="553"/>
   <agent start_id="294" goal_id="744"/>
   <agent start_id="114" goal_id="746"/>
   <agent start_id="589" goal_id="61"/>
   <agent start_id="622" goal_id="247"/>
   <agent start_id="783" goal_id="536"/>
   <agent start_id="76" goal_id="578"/>
   <agent start_id="98" goal_id="730"/>
   <agent start_id="573" goal_id="45"/>
   <agent start_id="456" goal_id="81"/>
   <agent start_id="766" goal_id="412"/>
   <agent start_id="788" goal_id="593"/>
   <agent start_id="82" goal_id="713"/>
   <agent start_id="557" goal_id="28"/>
   <agent start_id="290" goal_id="793"/>
   <agent start_id="11" goal_id="642"/>
   <agent start_id="450" goal_id="204"/>
   <agent start_id="202" goal_id="704"/>
   <agent start_id="12" goal_id="644"/>
   <agent start_id="627" goal_id="251"/>
   <agent start_id="241" goal_id="872"/>
   <agent start_id="434" goal_id="188"/>
   <agent start_id="36" goal_id="538"/>
   <agent start_id="85" goal_id="381"/>
   <agent start_id="856" goal_id="610"/>
   <agent start_id="41" goal_id="543"/>
   <agent start_id="171" goal_id="803"/>
   <agent start_id="372" goal_id="874"/>
   <agent start_id="611" goal_id="365"/>
   <agent start_id="840" goal_id="377"/>
   <agent start_id="753" goal_id="62"/>
   <agent start_id="155" goal_id="787"/>
   <agent start_id="245" goal_id="595"/>
   <agent start_id="129" goal_id="631"/>
   <agent start_id="438" goal_id="192"/>
   <agent start_id="460" goal_id="84"/>
   <agent start_id="139" goal_id="770"/>
   <agent start_id="332" goal_id="86"/>
   <agent start_id="89" goal_id="592"/>
   <agent start_id="176" goal_id="807"/>
   <agent start_id="122" goal_id="754"/>
   <agent start_id="752" goal_id="376"/>
   <agent start_id="316" goal_id="69"/>
   <agent start_id="801" goal_id="426"/>
   <agent start_id="544" goal_id="298"/>
   <agent start_id="352" goal_id="106"/>
   <agent start_id="84" goal_id="586"/>
   <agent start_id="828" goal_id="299"/>
   <agent start_id="133" goal_id="635"/>
   <agent start_id="774" goal_id="528"/>
   <agent start_id="336" goal_id="90"/>
   <agent start_id="796" goal_id="420"/>
   <agent start_id="37" goal_id="668"/>
   <agent start_id="440" goal_id="596"/>
   <agent start_id="127" goal_id="758"/>
   <agent start_id="73" goal_id="705"/>
   <agent start_id="254" goal_id="756"/>
   <agent start_id="20" goal_id="652"/>
   <agent start_id="495" goal_id="249"/>
   <agent start_id="259" goal_id="761"/>
   <agent start_id="689" goal_id="442"/>
   <agent start_id="590" goal_id="215"/>
   <agent start_id="4" goal_id="264"/>
   <agent start_id="233" goal_id="864"/>
   <agent start_id="595" goal_id="220"/>
   <agent start_id="672" goal_id="49"/>
   <agent start_id="866" goal_id="619"/>
   <agent start_id="474" goal_id="561"/>
   <agent start_id="429" goal_id="848"/>
   <agent start_id="794" goal_id="54"/>
   <agent start_id="656" goal_id="410"/>
   <agent start_id="810" goal_id="434"/>
   <agent start_id="693" goal_id="446"/>
   <agent start_id="640" goal_id="393"/>
   <agent start_id="92" goal_id="566"/>
   <agent start_id="586" goal_id="340"/>
   <agent start_id="184" goal_id="815"/>
   <agent start_id="97" goal_id="600"/>
   <agent start_id="377" goal_id="130"/>
   <agent start_id="105" goal_id="53"/>
   <agent start_id="570" goal_id="324"/>
   <agent start_id="167" goal_id="799"/>
   <agent start_id="809" goal_id="632"/>
   <agent start_id="765" goal_id="389"/>
   <agent start_id="307" goal_id="439"/>
   <agent start_id="814" goal_id="564"/>
   <agent start_id="151" goal_id="783"/>
   <agent start_id="599" goal_id="729"/>
   <agent start_id="28" goal_id="660"/>
   <agent start_id="750" goal_id="504"/>
   <agent start_id="409" goal_id="438"/>
   <agent start_id="312" goal_id="65"/>
   <agent start_id="787" goal_id="258"/>
   <agent start_id="692" goal_id="316"/>
   <agent start_id="734" goal_id="487"/>
   <agent start_id="826" goal_id="272"/>
   <agent start_id="295" goal_id="101"/>
   <agent start_id="770" goal_id="242"/>
   <agent start_id="526" goal_id="150"/>
   <agent start_id="471" goal_id="224"/>
   <agent start_id="664" goal_id="418"/>
   <agent start_id="437" goal_id="407"/>
   <agent start_id="857" goal_id="611"/>
   <agent start_id="455" goal_id="208"/>
   <agent start_id="818" goal_id="873"/>
   <agent start_id="271" goal_id="401"/>
   <agent start_id="763" goal_id="774"/>
   <agent start_id="491" goal_id="841"/>
   <agent start_id="652" goal_id="276"/>
   <agent start_id="69" goal_id="413"/>
   <agent start_id="631" goal_id="385"/>
   <agent start_id="578" goal_id="332"/>
   <agent start_id="657" goal_id="282"/>
   <agent start_id="422" goal_id="175"/>
   <agent start_id="862" goal_id="615"/>
   <agent start_id="315" goal_id="817"/>
   <agent start_id="562" goal_id="315"/>
   <agent start_id="159" goal_id="791"/>
   <agent start_id="822" goal_id="447"/>
   <agent start_id="651" goal_id="352"/>
   <agent start_id="258" goal_id="500"/>
   <agent start_id="546" goal_id="827"/>
   <agent start_id="143" goal_id="281"/>
   <agent start_id="190" goal_id="25"/>
   <agent start_id="582" goal_id="336"/>
   <agent start_id="283" goal_id="36"/>
   <agent start_id="661" goal_id="286"/>
   <agent start_id="263" goal_id="490"/>
   <agent start_id="446" goal_id="71"/>
   <agent start_id="23" goal_id="367"/>
   <agent start_id="513" goal_id="266"/>
   <agent start_id="742" goal_id="495"/>
</root>