<?xml version="1.0" ?>
<root>
   <agent start_id="16" goal_id="648"/>
   <agent start_id="584" goal_id="208"/>
   <agent start_id="841" goal_id="595"/>
   <agent start_id="685" goal_id="438"/>
   <agent start_id="368" goal_id="871"/>
   <agent start_id="632" goal_id="385"/>
   <agent start_id="42" goal_id="544"/>
   <agent start_id="475" goal_id="825"/>
   <agent start_id="422" goal_id="176"/>
   <agent start_id="705" goal_id="329"/>
   <agent start_id="615" goal_id="369"/>
   <agent start_id="754" goal_id="378"/>
   <agent start_id="562" goal_id="316"/>
   <agent start_id="406" goal_id="159"/>
   <agent start_id="539" goal_id="163"/>
   <agent start_id="599" goal_id="353"/>
   <agent start_id="588" goal_id="212"/>
   <agent start_id="792" goal_id="546"/>
   <agent start_id="143" goal_id="775"/>
   <agent start_id="875" goal_id="499"/>
   <agent start_id="583" goal_id="336"/>
   <agent start_id="22" goal_id="46"/>
   <agent start_id="180" goal_id="529"/>
   <agent start_id="373" goal_id="127"/>
   <agent start_id="207" goal_id="709"/>
   <agent start_id="566" goal_id="320"/>
   <agent start_id="267" goal_id="20"/>
   <agent start_id="714" goal_id="338"/>
   <agent start_id="357" goal_id="110"/>
   <agent start_id="304" goal_id="57"/>
   <agent start_id="592" goal_id="217"/>
   <agent start_id="497" goal_id="250"/>
   <agent start_id="46" goal_id="548"/>
   <agent start_id="94" goal_id="726"/>
   <agent start_id="287" goal_id="41"/>
   <agent start_id="426" goal_id="51"/>
   <agent start_id="234" goal_id="866"/>
   <agent start_id="382" goal_id="6"/>
   <agent start_id="463" goal_id="216"/>
   <agent start_id="25" goal_id="656"/>
   <agent start_id="763" goal_id="387"/>
   <agent start_id="218" goal_id="849"/>
   <agent start_id="216" goal_id="718"/>
   <agent start_id="447" goal_id="200"/>
   <agent start_id="640" goal_id="393"/>
   <agent start_id="221" goal_id="723"/>
   <agent start_id="730" goal_id="201"/>
   <agent start_id="677" goal_id="430"/>
   <agent start_id="381" goal_id="92"/>
   <agent start_id="870" goal_id="623"/>
   <agent start_id="431" goal_id="55"/>
   <agent start_id="817" goal_id="570"/>
   <agent start_id="414" goal_id="167"/>
   <agent start_id="718" goal_id="342"/>
   <agent start_id="854" goal_id="607"/>
   <agent start_id="265" goal_id="767"/>
   <agent start_id="800" goal_id="554"/>
   <agent start_id="398" goal_id="151"/>
   <agent start_id="552" goal_id="391"/>
   <agent start_id="591" goal_id="344"/>
   <agent start_id="434" goal_id="784"/>
   <agent start_id="430" goal_id="54"/>
   <agent start_id="639" goal_id="264"/>
   <agent start_id="83" goal_id="426"/>
   <agent start_id="821" goal_id="574"/>
   <agent start_id="521" goal_id="275"/>
   <agent start_id="391" goal_id="15"/>
   <agent start_id="365" goal_id="118"/>
   <agent start_id="220" goal_id="722"/>
   <agent start_id="558" goal_id="312"/>
   <agent start_id="505" goal_id="259"/>
   <agent start_id="225" goal_id="727"/>
   <agent start_id="349" goal_id="102"/>
   <agent start_id="542" goal_id="295"/>
   <agent start_id="103" goal_id="605"/>
   <agent start_id="489" goal_id="242"/>
   <agent start_id="59" goal_id="561"/>
   <agent start_id="332" goal_id="86"/>
   <agent start_id="525" goal_id="279"/>
   <agent start_id="815" goal_id="439"/>
   <agent start_id="226" goal_id="857"/>
   <agent start_id="701" goal_id="455"/>
   <agent start_id="726" goal_id="351"/>
   <agent start_id="776" goal_id="400"/>
   <agent start_id="48" goal_id="166"/>
   <agent start_id="210" goal_id="841"/>
   <agent start_id="53" goal_id="685"/>
   <agent start_id="58" goal_id="560"/>
   <agent start_id="246" goal_id="0"/>
   <agent start_id="440" goal_id="193"/>
   <agent start_id="439" goal_id="63"/>
   <agent start_id="37" goal_id="668"/>
   <agent start_id="770" goal_id="394"/>
   <agent start_id="862" goal_id="615"/>
   <agent start_id="177" goal_id="808"/>
   <agent start_id="775" goal_id="399"/>
   <agent start_id="21" goal_id="652"/>
   <agent start_id="214" goal_id="845"/>
   <agent start_id="653" goal_id="278"/>
   <agent start_id="689" goal_id="161"/>
   <agent start_id="107" goal_id="609"/>
   <agent start_id="389" goal_id="143"/>
   <agent start_id="829" goal_id="583"/>
   <agent start_id="112" goal_id="614"/>
   <agent start_id="144" goal_id="776"/>
   <agent start_id="399" goal_id="23"/>
   <agent start_id="826" goal_id="292"/>
   <agent start_id="813" goal_id="566"/>
   <agent start_id="824" goal_id="448"/>
   <agent start_id="377" goal_id="447"/>
   <agent start_id="570" goal_id="324"/>
   <agent start_id="276" goal_id="779"/>
   <agent start_id="517" goal_id="271"/>
   <agent start_id="710" goal_id="464"/>
   <agent start_id="281" goal_id="253"/>
   <agent start_id="61" goal_id="693"/>
   <agent start_id="255" goal_id="8"/>
   <agent start_id="286" goal_id="789"/>
   <agent start_id="98" goal_id="618"/>
   <agent start_id="115" goal_id="670"/>
   <agent start_id="573" goal_id="198"/>
   <agent start_id="238" goal_id="870"/>
   <agent start_id="120" goal_id="370"/>
   <agent start_id="185" goal_id="817"/>
   <agent start_id="275" goal_id="29"/>
   <agent start_id="99" goal_id="783"/>
   <agent start_id="468" goal_id="222"/>
   <agent start_id="65" goal_id="415"/>
   <agent start_id="661" goal_id="286"/>
   <agent start_id="644" goal_id="397"/>
   <agent start_id="837" goal_id="591"/>
   <agent start_id="291" goal_id="793"/>
   <agent start_id="60" goal_id="152"/>
   <agent start_id="628" goal_id="381"/>
   <agent start_id="75" goal_id="578"/>
   <agent start_id="189" goal_id="821"/>
   <agent start_id="500" goal_id="125"/>
   <agent start_id="664" goal_id="136"/>
   <agent start_id="858" goal_id="611"/>
   <agent start_id="285" goal_id="787"/>
   <agent start_id="173" goal_id="804"/>
   <agent start_id="290" goal_id="751"/>
   <agent start_id="747" goal_id="792"/>
   <agent start_id="595" goal_id="348"/>
   <agent start_id="295" goal_id="797"/>
   <agent start_id="396" goal_id="740"/>
   <agent start_id="488" goal_id="753"/>
   <agent start_id="579" goal_id="332"/>
   <agent start_id="455" goal_id="80"/>
   <agent start_id="772" goal_id="525"/>
</root>