<?xml version="1.0" ?>
<root>
   <agent start_id="159" goal_id="790"/>
   <agent start_id="810" goal_id="281"/>
   <agent start_id="472" goal_id="97"/>
   <agent start_id="757" goal_id="510"/>
   <agent start_id="318" goal_id="72"/>
   <agent start_id="853" goal_id="477"/>
   <agent start_id="793" goal_id="547"/>
   <agent start_id="306" goal_id="809"/>
   <agent start_id="740" goal_id="494"/>
   <agent start_id="262" goal_id="764"/>
   <agent start_id="55" goal_id="687"/>
   <agent start_id="2" goal_id="634"/>
   <agent start_id="267" goal_id="769"/>
   <agent start_id="477" goal_id="231"/>
   <agent start_id="39" goal_id="671"/>
   <agent start_id="145" goal_id="648"/>
   <agent start_id="514" goal_id="864"/>
   <agent start_id="431" goal_id="101"/>
   <agent start_id="461" goal_id="215"/>
   <agent start_id="654" goal_id="408"/>
   <agent start_id="482" goal_id="106"/>
   <agent start_id="498" goal_id="252"/>
   <agent start_id="311" goal_id="813"/>
   <agent start_id="445" goal_id="198"/>
   <agent start_id="638" goal_id="392"/>
   <agent start_id="316" goal_id="818"/>
   <agent start_id="235" goal_id="585"/>
   <agent start_id="182" goal_id="814"/>
   <agent start_id="603" goal_id="227"/>
   <agent start_id="375" goal_id="129"/>
   <agent start_id="652" goal_id="276"/>
   <agent start_id="219" goal_id="568"/>
   <agent start_id="659" goal_id="412"/>
   <agent start_id="310" goal_id="812"/>
   <agent start_id="852" goal_id="605"/>
   <agent start_id="359" goal_id="862"/>
   <agent start_id="203" goal_id="552"/>
   <agent start_id="642" goal_id="396"/>
   <agent start_id="144" goal_id="646"/>
   <agent start_id="589" goal_id="343"/>
   <agent start_id="186" goal_id="651"/>
   <agent start_id="149" goal_id="851"/>
   <agent start_id="379" goal_id="133"/>
   <agent start_id="480" goal_id="105"/>
   <agent start_id="573" goal_id="326"/>
   <agent start_id="170" goal_id="802"/>
   <agent start_id="861" goal_id="485"/>
   <agent start_id="117" goal_id="748"/>
   <agent start_id="817" goal_id="441"/>
   <agent start_id="556" goal_id="310"/>
   <agent start_id="154" goal_id="785"/>
   <agent start_id="695" goal_id="319"/>
   <agent start_id="347" goal_id="100"/>
   <agent start_id="148" goal_id="162"/>
   <agent start_id="540" goal_id="294"/>
   <agent start_id="137" goal_id="153"/>
   <agent start_id="529" goal_id="628"/>
   <agent start_id="716" goal_id="469"/>
   <agent start_id="277" goal_id="31"/>
   <agent start_id="534" goal_id="158"/>
   <agent start_id="753" goal_id="506"/>
   <agent start_id="865" goal_id="490"/>
   <agent start_id="68" goal_id="699"/>
   <agent start_id="15" goal_id="495"/>
   <agent start_id="870" goal_id="160"/>
   <agent start_id="736" goal_id="324"/>
   <agent start_id="699" goal_id="50"/>
   <agent start_id="245" goal_id="876"/>
   <agent start_id="473" goal_id="823"/>
   <agent start_id="158" goal_id="660"/>
   <agent start_id="667" goal_id="420"/>
   <agent start_id="489" goal_id="113"/>
   <agent start_id="860" goal_id="613"/>
   <agent start_id="457" goal_id="211"/>
   <agent start_id="6" goal_id="349"/>
   <agent start_id="650" goal_id="404"/>
   <agent start_id="323" goal_id="825"/>
   <agent start_id="844" goal_id="597"/>
   <agent start_id="441" goal_id="194"/>
   <agent start_id="704" goal_id="328"/>
   <agent start_id="634" goal_id="388"/>
   <agent start_id="157" goal_id="659"/>
   <agent start_id="206" goal_id="581"/>
   <agent start_id="528" goal_id="289"/>
   <agent start_id="664" goal_id="114"/>
   <agent start_id="371" goal_id="125"/>
   <agent start_id="564" goal_id="318"/>
   <agent start_id="162" goal_id="511"/>
   <agent start_id="874" goal_id="498"/>
   <agent start_id="109" goal_id="740"/>
   <agent start_id="830" goal_id="454"/>
   <agent start_id="548" goal_id="302"/>
   <agent start_id="33" goal_id="665"/>
   <agent start_id="464" goal_id="88"/>
   <agent start_id="92" goal_id="724"/>
   <agent start_id="242" goal_id="288"/>
   <agent start_id="285" goal_id="39"/>
   <agent start_id="761" goal_id="232"/>
   <agent start_id="166" goal_id="669"/>
   <agent start_id="707" goal_id="461"/>
   <agent start_id="23" goal_id="654"/>
   <agent start_id="171" goal_id="674"/>
   <agent start_id="216" goal_id="847"/>
   <agent start_id="60" goal_id="691"/>
   <agent start_id="332" goal_id="834"/>
   <agent start_id="253" goal_id="6"/>
   <agent start_id="381" goal_id="5"/>
   <agent start_id="590" goal_id="723"/>
   <agent start_id="675" goal_id="428"/>
   <agent start_id="668" goal_id="292"/>
   <agent start_id="236" goal_id="868"/>
   <agent start_id="712" goal_id="465"/>
   <agent start_id="546" goal_id="171"/>
   <agent start_id="658" goal_id="126"/>
   <agent start_id="502" goal_id="245"/>
   <agent start_id="220" goal_id="852"/>
   <agent start_id="380" goal_id="449"/>
   <agent start_id="620" goal_id="85"/>
   <agent start_id="11" goal_id="642"/>
   <agent start_id="204" goal_id="835"/>
   <agent start_id="208" goal_id="385"/>
   <agent start_id="679" goal_id="433"/>
   <agent start_id="626" goal_id="379"/>
   <agent start_id="286" goal_id="672"/>
   <agent start_id="819" goal_id="573"/>
   <agent start_id="91" goal_id="722"/>
   <agent start_id="175" goal_id="519"/>
   <agent start_id="856" goal_id="4"/>
   <agent start_id="213" goal_id="275"/>
   <agent start_id="803" goal_id="556"/>
   <agent start_id="153" goal_id="503"/>
   <agent start_id="9" goal_id="550"/>
   <agent start_id="340" goal_id="843"/>
   <agent start_id="390" goal_id="14"/>
   <agent start_id="303" goal_id="734"/>
   <agent start_id="487" goal_id="240"/>
   <agent start_id="330" goal_id="84"/>
   <agent start_id="174" goal_id="677"/>
   <agent start_id="726" goal_id="350"/>
   <agent start_id="273" goal_id="616"/>
   <agent start_id="121" goal_id="470"/>
   <agent start_id="314" goal_id="68"/>
   <agent start_id="8" goal_id="739"/>
   <agent start_id="507" goal_id="261"/>
   <agent start_id="351" goal_id="104"/>
   <agent start_id="765" goal_id="389"/>
   <agent start_id="345" goal_id="621"/>
   <agent start_id="491" goal_id="394"/>
   <agent start_id="770" goal_id="351"/>
   <agent start_id="720" goal_id="191"/>
</root>