<?xml version="1.0" ?>
<root>
	<agent id="0" start_j="45" start_i="61" goal_j="14" goal_i="15"/>
	<agent id="1" start_j="53" start_i="46" goal_j="19" goal_i="65"/>
	<agent id="2" start_j="34" start_i="30" goal_j="20" goal_i="28"/>
	<agent id="3" start_j="60" start_i="67" goal_j="20" goal_i="14"/>
	<agent id="4" start_j="29" start_i="51" goal_j="29" goal_i="56"/>
	<agent id="5" start_j="44" start_i="14" goal_j="9" goal_i="73"/>
	<agent id="6" start_j="8" start_i="72" goal_j="20" goal_i="43"/>
	<agent id="7" start_j="45" start_i="71" goal_j="25" goal_i="13"/>
	<agent id="8" start_j="8" start_i="57" goal_j="18" goal_i="68"/>
	<agent id="9" start_j="48" start_i="71" goal_j="44" goal_i="28"/>
	<agent id="10" start_j="27" start_i="54" goal_j="24" goal_i="6"/>
	<agent id="11" start_j="24" start_i="20" goal_j="53" goal_i="66"/>
	<agent id="12" start_j="27" start_i="49" goal_j="37" goal_i="8"/>
	<agent id="13" start_j="33" start_i="11" goal_j="11" goal_i="19"/>
	<agent id="14" start_j="32" start_i="53" goal_j="30" goal_i="51"/>
	<agent id="15" start_j="21" start_i="57" goal_j="31" goal_i="13"/>
	<agent id="16" start_j="36" start_i="42" goal_j="23" goal_i="16"/>
	<agent id="17" start_j="55" start_i="13" goal_j="4" goal_i="9"/>
	<agent id="18" start_j="3" start_i="22" goal_j="11" goal_i="20"/>
	<agent id="19" start_j="19" start_i="29" goal_j="22" goal_i="6"/>
	<agent id="20" start_j="59" start_i="71" goal_j="19" goal_i="63"/>
	<agent id="21" start_j="25" start_i="61" goal_j="54" goal_i="24"/>
	<agent id="22" start_j="21" start_i="6" goal_j="21" goal_i="20"/>
	<agent id="23" start_j="36" start_i="28" goal_j="42" goal_i="14"/>
	<agent id="24" start_j="25" start_i="17" goal_j="41" goal_i="70"/>
	<agent id="25" start_j="53" start_i="69" goal_j="5" goal_i="13"/>
	<agent id="26" start_j="19" start_i="75" goal_j="55" goal_i="54"/>
	<agent id="27" start_j="47" start_i="76" goal_j="11" goal_i="78"/>
	<agent id="28" start_j="24" start_i="23" goal_j="13" goal_i="77"/>
	<agent id="29" start_j="41" start_i="10" goal_j="25" goal_i="8"/>
	<agent id="30" start_j="25" start_i="24" goal_j="54" goal_i="69"/>
	<agent id="31" start_j="54" start_i="20" goal_j="36" goal_i="26"/>
	<agent id="32" start_j="7" start_i="72" goal_j="42" goal_i="36"/>
	<agent id="33" start_j="38" start_i="54" goal_j="26" goal_i="20"/>
	<agent id="34" start_j="41" start_i="57" goal_j="27" goal_i="9"/>
	<agent id="35" start_j="37" start_i="20" goal_j="51" goal_i="9"/>
	<agent id="36" start_j="21" start_i="22" goal_j="19" goal_i="68"/>
	<agent id="37" start_j="19" start_i="4" goal_j="25" goal_i="42"/>
	<agent id="38" start_j="10" start_i="13" goal_j="13" goal_i="15"/>
	<agent id="39" start_j="27" start_i="60" goal_j="52" goal_i="29"/>
	<agent id="40" start_j="52" start_i="60" goal_j="25" goal_i="55"/>
	<agent id="41" start_j="19" start_i="27" goal_j="46" goal_i="37"/>
	<agent id="42" start_j="9" start_i="74" goal_j="54" goal_i="10"/>
	<agent id="43" start_j="19" start_i="7" goal_j="12" goal_i="19"/>
	<agent id="44" start_j="29" start_i="29" goal_j="5" goal_i="21"/>
	<agent id="45" start_j="25" start_i="66" goal_j="47" goal_i="12"/>
	<agent id="46" start_j="20" start_i="11" goal_j="39" goal_i="9"/>
	<agent id="47" start_j="21" start_i="41" goal_j="4" goal_i="16"/>
	<agent id="48" start_j="25" start_i="59" goal_j="13" goal_i="62"/>
	<agent id="49" start_j="45" start_i="9" goal_j="54" goal_i="72"/>
	<agent id="50" start_j="59" start_i="5" goal_j="59" goal_i="37"/>
	<agent id="51" start_j="33" start_i="53" goal_j="54" goal_i="41"/>
	<agent id="52" start_j="28" start_i="51" goal_j="20" goal_i="74"/>
	<agent id="53" start_j="53" start_i="55" goal_j="32" goal_i="51"/>
	<agent id="54" start_j="26" start_i="40" goal_j="51" goal_i="26"/>
	<agent id="55" start_j="27" start_i="51" goal_j="8" goal_i="9"/>
	<agent id="56" start_j="43" start_i="67" goal_j="62" goal_i="70"/>
	<agent id="57" start_j="8" start_i="70" goal_j="62" goal_i="78"/>
	<agent id="58" start_j="49" start_i="39" goal_j="21" goal_i="64"/>
	<agent id="59" start_j="37" start_i="73" goal_j="2" goal_i="10"/>
	<agent id="60" start_j="20" start_i="77" goal_j="20" goal_i="64"/>
	<agent id="61" start_j="39" start_i="19" goal_j="2" goal_i="28"/>
	<agent id="62" start_j="21" start_i="78" goal_j="8" goal_i="69"/>
	<agent id="63" start_j="45" start_i="41" goal_j="3" goal_i="24"/>
	<agent id="64" start_j="27" start_i="53" goal_j="27" goal_i="50"/>
	<agent id="65" start_j="4" start_i="17" goal_j="52" goal_i="13"/>
	<agent id="66" start_j="55" start_i="45" goal_j="9" goal_i="23"/>
	<agent id="67" start_j="59" start_i="59" goal_j="3" goal_i="8"/>
	<agent id="68" start_j="53" start_i="52" goal_j="29" goal_i="69"/>
	<agent id="69" start_j="28" start_i="66" goal_j="20" goal_i="9"/>
	<agent id="70" start_j="54" start_i="23" goal_j="50" goal_i="74"/>
	<agent id="71" start_j="51" start_i="60" goal_j="37" goal_i="57"/>
	<agent id="72" start_j="17" start_i="20" goal_j="16" goal_i="70"/>
	<agent id="73" start_j="19" start_i="41" goal_j="43" goal_i="12"/>
	<agent id="74" start_j="31" start_i="27" goal_j="54" goal_i="51"/>
	<agent id="75" start_j="17" start_i="73" goal_j="19" goal_i="69"/>
	<agent id="76" start_j="27" start_i="68" goal_j="63" goal_i="75"/>
	<agent id="77" start_j="46" start_i="68" goal_j="18" goal_i="62"/>
	<agent id="78" start_j="58" start_i="54" goal_j="53" goal_i="28"/>
	<agent id="79" start_j="37" start_i="26" goal_j="56" goal_i="57"/>
	<agent id="80" start_j="50" start_i="41" goal_j="48" goal_i="72"/>
	<agent id="81" start_j="18" start_i="69" goal_j="9" goal_i="9"/>
	<agent id="82" start_j="35" start_i="41" goal_j="9" goal_i="8"/>
	<agent id="83" start_j="57" start_i="5" goal_j="22" goal_i="70"/>
	<agent id="84" start_j="46" start_i="76" goal_j="26" goal_i="28"/>
	<agent id="85" start_j="32" start_i="67" goal_j="7" goal_i="56"/>
	<agent id="86" start_j="21" start_i="40" goal_j="5" goal_i="8"/>
	<agent id="87" start_j="28" start_i="34" goal_j="16" goal_i="66"/>
	<agent id="88" start_j="21" start_i="18" goal_j="23" goal_i="11"/>
	<agent id="89" start_j="35" start_i="40" goal_j="55" goal_i="25"/>
	<agent id="90" start_j="23" start_i="7" goal_j="29" goal_i="62"/>
	<agent id="91" start_j="4" start_i="53" goal_j="54" goal_i="11"/>
	<agent id="92" start_j="26" start_i="59" goal_j="23" goal_i="4"/>
	<agent id="93" start_j="34" start_i="27" goal_j="35" goal_i="26"/>
	<agent id="94" start_j="41" start_i="56" goal_j="52" goal_i="5"/>
	<agent id="95" start_j="18" start_i="37" goal_j="11" goal_i="76"/>
	<agent id="96" start_j="4" start_i="7" goal_j="9" goal_i="54"/>
	<agent id="97" start_j="31" start_i="57" goal_j="21" goal_i="76"/>
	<agent id="98" start_j="4" start_i="61" goal_j="52" goal_i="7"/>
	<agent id="99" start_j="44" start_i="39" goal_j="10" goal_i="9"/>
	<agent id="100" start_j="19" start_i="60" goal_j="36" goal_i="39"/>
	<agent id="101" start_j="14" start_i="69" goal_j="36" goal_i="68"/>
	<agent id="102" start_j="33" start_i="52" goal_j="2" goal_i="14"/>
	<agent id="103" start_j="25" start_i="19" goal_j="39" goal_i="67"/>
	<agent id="104" start_j="31" start_i="38" goal_j="61" goal_i="45"/>
	<agent id="105" start_j="8" start_i="20" goal_j="19" goal_i="18"/>
	<agent id="106" start_j="13" start_i="11" goal_j="59" goal_i="60"/>
	<agent id="107" start_j="7" start_i="20" goal_j="35" goal_i="30"/>
	<agent id="108" start_j="28" start_i="12" goal_j="53" goal_i="50"/>
	<agent id="109" start_j="56" start_i="30" goal_j="13" goal_i="63"/>
	<agent id="110" start_j="8" start_i="74" goal_j="54" goal_i="25"/>
	<agent id="111" start_j="19" start_i="8" goal_j="29" goal_i="40"/>
	<agent id="112" start_j="38" start_i="77" goal_j="39" goal_i="30"/>
	<agent id="113" start_j="50" start_i="14" goal_j="50" goal_i="44"/>
	<agent id="114" start_j="8" start_i="13" goal_j="11" goal_i="11"/>
	<agent id="115" start_j="32" start_i="39" goal_j="19" goal_i="15"/>
	<agent id="116" start_j="18" start_i="3" goal_j="18" goal_i="18"/>
	<agent id="117" start_j="51" start_i="76" goal_j="50" goal_i="38"/>
	<agent id="118" start_j="44" start_i="12" goal_j="21" goal_i="73"/>
	<agent id="119" start_j="44" start_i="76" goal_j="23" goal_i="2"/>
	<agent id="120" start_j="44" start_i="57" goal_j="31" goal_i="29"/>
	<agent id="121" start_j="22" start_i="24" goal_j="54" goal_i="42"/>
	<agent id="122" start_j="43" start_i="14" goal_j="29" goal_i="30"/>
	<agent id="123" start_j="26" start_i="37" goal_j="37" goal_i="76"/>
	<agent id="124" start_j="46" start_i="69" goal_j="35" goal_i="10"/>
	<agent id="125" start_j="31" start_i="40" goal_j="26" goal_i="9"/>
	<agent id="126" start_j="34" start_i="58" goal_j="17" goal_i="54"/>
	<agent id="127" start_j="28" start_i="38" goal_j="17" goal_i="21"/>
	<agent id="128" start_j="12" start_i="61" goal_j="26" goal_i="53"/>
	<agent id="129" start_j="36" start_i="77" goal_j="22" goal_i="14"/>
	<agent id="130" start_j="57" start_i="45" goal_j="53" goal_i="71"/>
	<agent id="131" start_j="52" start_i="44" goal_j="10" goal_i="60"/>
	<agent id="132" start_j="10" start_i="6" goal_j="21" goal_i="32"/>
	<agent id="133" start_j="48" start_i="68" goal_j="37" goal_i="27"/>
	<agent id="134" start_j="25" start_i="29" goal_j="44" goal_i="71"/>
	<agent id="135" start_j="45" start_i="42" goal_j="24" goal_i="24"/>
	<agent id="136" start_j="14" start_i="75" goal_j="44" goal_i="41"/>
	<agent id="137" start_j="33" start_i="61" goal_j="51" goal_i="74"/>
	<agent id="138" start_j="16" start_i="55" goal_j="51" goal_i="41"/>
	<agent id="139" start_j="22" start_i="30" goal_j="59" goal_i="54"/>
	<agent id="140" start_j="27" start_i="58" goal_j="54" goal_i="53"/>
	<agent id="141" start_j="56" start_i="68" goal_j="25" goal_i="3"/>
	<agent id="142" start_j="44" start_i="72" goal_j="46" goal_i="66"/>
	<agent id="143" start_j="11" start_i="77" goal_j="33" goal_i="39"/>
	<agent id="144" start_j="30" start_i="67" goal_j="20" goal_i="44"/>
	<agent id="145" start_j="16" start_i="68" goal_j="37" goal_i="42"/>
	<agent id="146" start_j="52" start_i="50" goal_j="13" goal_i="12"/>
	<agent id="147" start_j="28" start_i="5" goal_j="43" goal_i="71"/>
	<agent id="148" start_j="46" start_i="75" goal_j="51" goal_i="58"/>
	<agent id="149" start_j="40" start_i="72" goal_j="21" goal_i="27"/>
	<agent id="150" start_j="47" start_i="29" goal_j="15" goal_i="74"/>
	<agent id="151" start_j="27" start_i="55" goal_j="34" goal_i="73"/>
	<agent id="152" start_j="39" start_i="10" goal_j="18" goal_i="63"/>
	<agent id="153" start_j="59" start_i="58" goal_j="60" goal_i="38"/>
	<agent id="154" start_j="41" start_i="12" goal_j="47" goal_i="43"/>
	<agent id="155" start_j="28" start_i="58" goal_j="59" goal_i="70"/>
	<agent id="156" start_j="23" start_i="37" goal_j="45" goal_i="38"/>
	<agent id="157" start_j="6" start_i="73" goal_j="51" goal_i="52"/>
	<agent id="158" start_j="55" start_i="11" goal_j="47" goal_i="73"/>
	<agent id="159" start_j="6" start_i="75" goal_j="47" goal_i="68"/>
	<agent id="160" start_j="22" start_i="35" goal_j="4" goal_i="5"/>
	<agent id="161" start_j="12" start_i="78" goal_j="50" goal_i="72"/>
	<agent id="162" start_j="20" start_i="15" goal_j="38" goal_i="8"/>
	<agent id="163" start_j="26" start_i="22" goal_j="47" goal_i="30"/>
	<agent id="164" start_j="19" start_i="55" goal_j="5" goal_i="12"/>
	<agent id="165" start_j="33" start_i="56" goal_j="32" goal_i="35"/>
	<agent id="166" start_j="25" start_i="14" goal_j="40" goal_i="68"/>
	<agent id="167" start_j="7" start_i="73" goal_j="32" goal_i="12"/>
	<agent id="168" start_j="3" start_i="28" goal_j="28" goal_i="27"/>
	<agent id="169" start_j="22" start_i="29" goal_j="34" goal_i="21"/>
	<agent id="170" start_j="59" start_i="68" goal_j="59" goal_i="78"/>
	<agent id="171" start_j="26" start_i="34" goal_j="15" goal_i="21"/>
	<agent id="172" start_j="14" start_i="61" goal_j="61" goal_i="71"/>
	<agent id="173" start_j="26" start_i="30" goal_j="8" goal_i="76"/>
	<agent id="174" start_j="51" start_i="20" goal_j="33" goal_i="13"/>
	<agent id="175" start_j="20" start_i="39" goal_j="50" goal_i="58"/>
	<agent id="176" start_j="41" start_i="40" goal_j="58" goal_i="65"/>
	<agent id="177" start_j="57" start_i="55" goal_j="18" goal_i="54"/>
	<agent id="178" start_j="53" start_i="13" goal_j="36" goal_i="56"/>
	<agent id="179" start_j="12" start_i="55" goal_j="59" goal_i="42"/>
	<agent id="180" start_j="49" start_i="68" goal_j="37" goal_i="68"/>
	<agent id="181" start_j="11" start_i="16" goal_j="8" goal_i="11"/>
	<agent id="182" start_j="23" start_i="30" goal_j="23" goal_i="10"/>
	<agent id="183" start_j="50" start_i="39" goal_j="24" goal_i="29"/>
	<agent id="184" start_j="36" start_i="66" goal_j="30" goal_i="12"/>
	<agent id="185" start_j="11" start_i="3" goal_j="39" goal_i="22"/>
	<agent id="186" start_j="15" start_i="76" goal_j="58" goal_i="12"/>
	<agent id="187" start_j="32" start_i="29" goal_j="10" goal_i="68"/>
	<agent id="188" start_j="11" start_i="22" goal_j="51" goal_i="68"/>
	<agent id="189" start_j="60" start_i="9" goal_j="3" goal_i="26"/>
	<agent id="190" start_j="48" start_i="30" goal_j="3" goal_i="11"/>
	<agent id="191" start_j="58" start_i="73" goal_j="4" goal_i="3"/>
	<agent id="192" start_j="27" start_i="3" goal_j="16" goal_i="75"/>
	<agent id="193" start_j="60" start_i="76" goal_j="29" goal_i="10"/>
	<agent id="194" start_j="28" start_i="7" goal_j="14" goal_i="65"/>
	<agent id="195" start_j="10" start_i="61" goal_j="28" goal_i="48"/>
	<agent id="196" start_j="58" start_i="13" goal_j="26" goal_i="58"/>
	<agent id="197" start_j="31" start_i="35" goal_j="52" goal_i="20"/>
	<agent id="198" start_j="16" start_i="21" goal_j="50" goal_i="75"/>
	<agent id="199" start_j="34" start_i="10" goal_j="24" goal_i="2"/>
	<agent id="200" start_j="4" start_i="58" goal_j="9" goal_i="68"/>
	<agent id="201" start_j="14" start_i="64" goal_j="24" goal_i="44"/>
	<agent id="202" start_j="21" start_i="31" goal_j="44" goal_i="37"/>
	<agent id="203" start_j="49" start_i="75" goal_j="38" goal_i="74"/>
	<agent id="204" start_j="24" start_i="28" goal_j="54" goal_i="3"/>
	<agent id="205" start_j="56" start_i="54" goal_j="8" goal_i="73"/>
	<agent id="206" start_j="58" start_i="11" goal_j="27" goal_i="32"/>
	<agent id="207" start_j="11" start_i="12" goal_j="58" goal_i="58"/>
	<agent id="208" start_j="56" start_i="69" goal_j="42" goal_i="73"/>
	<agent id="209" start_j="23" start_i="18" goal_j="40" goal_i="57"/>
	<agent id="210" start_j="4" start_i="11" goal_j="22" goal_i="10"/>
	<agent id="211" start_j="16" start_i="51" goal_j="12" goal_i="63"/>
	<agent id="212" start_j="36" start_i="8" goal_j="39" goal_i="76"/>
	<agent id="213" start_j="30" start_i="52" goal_j="52" goal_i="12"/>
	<agent id="214" start_j="8" start_i="56" goal_j="20" goal_i="59"/>
	<agent id="215" start_j="55" start_i="43" goal_j="14" goal_i="11"/>
	<agent id="216" start_j="44" start_i="11" goal_j="25" goal_i="25"/>
	<agent id="217" start_j="58" start_i="10" goal_j="21" goal_i="36"/>
	<agent id="218" start_j="27" start_i="47" goal_j="52" goal_i="59"/>
	<agent id="219" start_j="20" start_i="41" goal_j="28" goal_i="69"/>
	<agent id="220" start_j="27" start_i="63" goal_j="27" goal_i="62"/>
	<agent id="221" start_j="9" start_i="76" goal_j="11" goal_i="4"/>
	<agent id="222" start_j="43" start_i="73" goal_j="26" goal_i="50"/>
	<agent id="223" start_j="28" start_i="25" goal_j="21" goal_i="63"/>
	<agent id="224" start_j="49" start_i="11" goal_j="28" goal_i="30"/>
	<agent id="225" start_j="26" start_i="66" goal_j="56" goal_i="37"/>
	<agent id="226" start_j="39" start_i="73" goal_j="56" goal_i="50"/>
	<agent id="227" start_j="27" start_i="67" goal_j="38" goal_i="68"/>
	<agent id="228" start_j="27" start_i="13" goal_j="10" goal_i="16"/>
	<agent id="229" start_j="17" start_i="56" goal_j="26" goal_i="10"/>
	<agent id="230" start_j="44" start_i="10" goal_j="44" goal_i="38"/>
	<agent id="231" start_j="58" start_i="38" goal_j="20" goal_i="60"/>
	<agent id="232" start_j="25" start_i="53" goal_j="51" goal_i="43"/>
	<agent id="233" start_j="40" start_i="59" goal_j="37" goal_i="54"/>
	<agent id="234" start_j="27" start_i="42" goal_j="8" goal_i="52"/>
	<agent id="235" start_j="39" start_i="29" goal_j="22" goal_i="11"/>
	<agent id="236" start_j="53" start_i="72" goal_j="52" goal_i="22"/>
	<agent id="237" start_j="30" start_i="68" goal_j="32" goal_i="36"/>
	<agent id="238" start_j="14" start_i="56" goal_j="8" goal_i="8"/>
	<agent id="239" start_j="48" start_i="67" goal_j="51" goal_i="12"/>
	<agent id="240" start_j="22" start_i="65" goal_j="35" goal_i="68"/>
	<agent id="241" start_j="58" start_i="75" goal_j="32" goal_i="68"/>
	<agent id="242" start_j="42" start_i="71" goal_j="33" goal_i="40"/>
	<agent id="243" start_j="37" start_i="67" goal_j="5" goal_i="54"/>
	<agent id="244" start_j="28" start_i="6" goal_j="22" goal_i="64"/>
	<agent id="245" start_j="22" start_i="54" goal_j="57" goal_i="59"/>
	<agent id="246" start_j="38" start_i="30" goal_j="55" goal_i="66"/>
	<agent id="247" start_j="15" start_i="57" goal_j="52" goal_i="28"/>
	<agent id="248" start_j="62" start_i="76" goal_j="41" goal_i="68"/>
	<agent id="249" start_j="40" start_i="60" goal_j="21" goal_i="54"/>
	<agent id="250" start_j="58" start_i="55" goal_j="34" goal_i="11"/>
	<agent id="251" start_j="7" start_i="23" goal_j="55" goal_i="10"/>
	<agent id="252" start_j="23" start_i="29" goal_j="21" goal_i="43"/>
	<agent id="253" start_j="20" start_i="66" goal_j="53" goal_i="39"/>
	<agent id="254" start_j="6" start_i="14" goal_j="12" goal_i="11"/>
	<agent id="255" start_j="27" start_i="11" goal_j="52" goal_i="49"/>
	<agent id="256" start_j="63" start_i="76" goal_j="20" goal_i="40"/>
	<agent id="257" start_j="61" start_i="10" goal_j="31" goal_i="60"/>
	<agent id="258" start_j="28" start_i="35" goal_j="37" goal_i="30"/>
	<agent id="259" start_j="5" start_i="70" goal_j="26" goal_i="36"/>
	<agent id="260" start_j="30" start_i="54" goal_j="27" goal_i="15"/>
	<agent id="261" start_j="9" start_i="17" goal_j="59" goal_i="40"/>
	<agent id="262" start_j="61" start_i="11" goal_j="30" goal_i="45"/>
	<agent id="263" start_j="45" start_i="11" goal_j="20" goal_i="30"/>
	<agent id="264" start_j="43" start_i="27" goal_j="14" goal_i="66"/>
	<agent id="265" start_j="26" start_i="21" goal_j="57" goal_i="53"/>
	<agent id="266" start_j="20" start_i="13" goal_j="52" goal_i="40"/>
	<agent id="267" start_j="54" start_i="52" goal_j="26" goal_i="6"/>
	<agent id="268" start_j="35" start_i="71" goal_j="9" goal_i="56"/>
	<agent id="269" start_j="37" start_i="44" goal_j="20" goal_i="55"/>
	<agent id="270" start_j="54" start_i="39" goal_j="24" goal_i="43"/>
	<agent id="271" start_j="23" start_i="5" goal_j="27" goal_i="38"/>
	<agent id="272" start_j="63" start_i="77" goal_j="38" goal_i="53"/>
	<agent id="273" start_j="19" start_i="54" goal_j="24" goal_i="35"/>
	<agent id="274" start_j="17" start_i="61" goal_j="25" goal_i="57"/>
	<agent id="275" start_j="15" start_i="63" goal_j="50" goal_i="29"/>
	<agent id="276" start_j="25" start_i="51" goal_j="52" goal_i="67"/>
	<agent id="277" start_j="55" start_i="75" goal_j="58" goal_i="39"/>
	<agent id="278" start_j="28" start_i="36" goal_j="52" goal_i="37"/>
	<agent id="279" start_j="40" start_i="50" goal_j="56" goal_i="43"/>
	<agent id="280" start_j="20" start_i="10" goal_j="5" goal_i="57"/>
	<agent id="281" start_j="42" start_i="42" goal_j="29" goal_i="42"/>
	<agent id="282" start_j="52" start_i="48" goal_j="56" goal_i="59"/>
	<agent id="283" start_j="26" start_i="15" goal_j="43" goal_i="30"/>
	<agent id="284" start_j="25" start_i="31" goal_j="27" goal_i="26"/>
	<agent id="285" start_j="44" start_i="58" goal_j="20" goal_i="18"/>
	<agent id="286" start_j="40" start_i="69" goal_j="24" goal_i="64"/>
	<agent id="287" start_j="54" start_i="61" goal_j="28" goal_i="42"/>
	<agent id="288" start_j="42" start_i="76" goal_j="23" goal_i="67"/>
	<agent id="289" start_j="23" start_i="65" goal_j="30" goal_i="61"/>
	<agent id="290" start_j="46" start_i="12" goal_j="28" goal_i="14"/>
	<agent id="291" start_j="60" start_i="13" goal_j="25" goal_i="52"/>
	<agent id="292" start_j="24" start_i="7" goal_j="49" goal_i="42"/>
	<agent id="293" start_j="28" start_i="26" goal_j="12" goal_i="54"/>
	<agent id="294" start_j="34" start_i="41" goal_j="3" goal_i="13"/>
	<agent id="295" start_j="47" start_i="44" goal_j="56" goal_i="67"/>
	<agent id="296" start_j="56" start_i="44" goal_j="20" goal_i="26"/>
	<agent id="297" start_j="58" start_i="5" goal_j="33" goal_i="55"/>
	<agent id="298" start_j="24" start_i="70" goal_j="42" goal_i="11"/>
	<agent id="299" start_j="4" start_i="14" goal_j="10" goal_i="14"/>
	<agent id="300" start_j="61" start_i="69" goal_j="5" goal_i="71"/>
	<agent id="301" start_j="40" start_i="11" goal_j="55" goal_i="28"/>
	<agent id="302" start_j="58" start_i="67" goal_j="24" goal_i="11"/>
	<agent id="303" start_j="40" start_i="42" goal_j="27" goal_i="24"/>
	<agent id="304" start_j="18" start_i="35" goal_j="27" goal_i="40"/>
	<agent id="305" start_j="4" start_i="59" goal_j="28" goal_i="22"/>
	<agent id="306" start_j="22" start_i="19" goal_j="39" goal_i="23"/>
	<agent id="307" start_j="21" start_i="35" goal_j="20" goal_i="56"/>
	<agent id="308" start_j="28" start_i="9" goal_j="18" goal_i="72"/>
	<agent id="309" start_j="56" start_i="19" goal_j="18" goal_i="70"/>
	<agent id="310" start_j="26" start_i="26" goal_j="32" goal_i="55"/>
	<agent id="311" start_j="20" start_i="32" goal_j="9" goal_i="6"/>
	<agent id="312" start_j="51" start_i="42" goal_j="10" goal_i="7"/>
	<agent id="313" start_j="6" start_i="20" goal_j="52" goal_i="58"/>
	<agent id="314" start_j="25" start_i="36" goal_j="39" goal_i="21"/>
	<agent id="315" start_j="25" start_i="10" goal_j="45" goal_i="73"/>
	<agent id="316" start_j="26" start_i="8" goal_j="41" goal_i="69"/>
	<agent id="317" start_j="51" start_i="21" goal_j="30" goal_i="11"/>
	<agent id="318" start_j="26" start_i="16" goal_j="41" goal_i="30"/>
	<agent id="319" start_j="42" start_i="37" goal_j="35" goal_i="73"/>
	<agent id="320" start_j="27" start_i="71" goal_j="17" goal_i="62"/>
	<agent id="321" start_j="35" start_i="43" goal_j="23" goal_i="6"/>
	<agent id="322" start_j="47" start_i="40" goal_j="36" goal_i="53"/>
	<agent id="323" start_j="51" start_i="69" goal_j="37" goal_i="78"/>
	<agent id="324" start_j="43" start_i="76" goal_j="49" goal_i="40"/>
	<agent id="325" start_j="59" start_i="38" goal_j="19" goal_i="21"/>
	<agent id="326" start_j="41" start_i="54" goal_j="34" goal_i="36"/>
	<agent id="327" start_j="51" start_i="27" goal_j="29" goal_i="26"/>
	<agent id="328" start_j="31" start_i="52" goal_j="6" goal_i="8"/>
	<agent id="329" start_j="5" start_i="6" goal_j="42" goal_i="40"/>
	<agent id="330" start_j="46" start_i="13" goal_j="38" goal_i="39"/>
	<agent id="331" start_j="4" start_i="10" goal_j="18" goal_i="19"/>
	<agent id="332" start_j="55" start_i="50" goal_j="27" goal_i="22"/>
	<agent id="333" start_j="47" start_i="10" goal_j="8" goal_i="10"/>
	<agent id="334" start_j="5" start_i="74" goal_j="22" goal_i="4"/>
	<agent id="335" start_j="42" start_i="13" goal_j="27" goal_i="18"/>
	<agent id="336" start_j="55" start_i="76" goal_j="20" goal_i="22"/>
	<agent id="337" start_j="45" start_i="53" goal_j="36" goal_i="20"/>
	<agent id="338" start_j="52" start_i="70" goal_j="4" goal_i="4"/>
	<agent id="339" start_j="19" start_i="62" goal_j="46" goal_i="38"/>
	<agent id="340" start_j="24" start_i="33" goal_j="34" goal_i="12"/>
	<agent id="341" start_j="14" start_i="63" goal_j="26" goal_i="17"/>
	<agent id="342" start_j="12" start_i="18" goal_j="19" goal_i="72"/>
	<agent id="343" start_j="5" start_i="4" goal_j="37" goal_i="77"/>
	<agent id="344" start_j="38" start_i="21" goal_j="54" goal_i="74"/>
	<agent id="345" start_j="22" start_i="8" goal_j="24" goal_i="58"/>
	<agent id="346" start_j="13" start_i="13" goal_j="27" goal_i="10"/>
	<agent id="347" start_j="23" start_i="64" goal_j="17" goal_i="68"/>
	<agent id="348" start_j="12" start_i="13" goal_j="54" goal_i="28"/>
	<agent id="349" start_j="29" start_i="14" goal_j="62" goal_i="38"/>
	<agent id="350" start_j="30" start_i="56" goal_j="41" goal_i="76"/>
	<agent id="351" start_j="41" start_i="42" goal_j="22" goal_i="55"/>
	<agent id="352" start_j="4" start_i="57" goal_j="28" goal_i="33"/>
	<agent id="353" start_j="35" start_i="66" goal_j="54" goal_i="67"/>
	<agent id="354" start_j="18" start_i="55" goal_j="14" goal_i="20"/>
	<agent id="355" start_j="13" start_i="14" goal_j="61" goal_i="70"/>
	<agent id="356" start_j="7" start_i="9" goal_j="43" goal_i="55"/>
	<agent id="357" start_j="25" start_i="69" goal_j="56" goal_i="74"/>
	<agent id="358" start_j="34" start_i="69" goal_j="30" goal_i="55"/>
	<agent id="359" start_j="53" start_i="7" goal_j="28" goal_i="49"/>
	<agent id="360" start_j="56" start_i="51" goal_j="25" goal_i="34"/>
	<agent id="361" start_j="56" start_i="40" goal_j="24" goal_i="56"/>
	<agent id="362" start_j="51" start_i="46" goal_j="50" goal_i="8"/>
	<agent id="363" start_j="4" start_i="56" goal_j="4" goal_i="13"/>
	<agent id="364" start_j="44" start_i="74" goal_j="47" goal_i="72"/>
	<agent id="365" start_j="55" start_i="3" goal_j="9" goal_i="62"/>
	<agent id="366" start_j="59" start_i="66" goal_j="10" goal_i="17"/>
	<agent id="367" start_j="11" start_i="60" goal_j="53" goal_i="6"/>
	<agent id="368" start_j="59" start_i="12" goal_j="57" goal_i="65"/>
	<agent id="369" start_j="9" start_i="55" goal_j="12" goal_i="58"/>
	<agent id="370" start_j="56" start_i="11" goal_j="22" goal_i="17"/>
	<agent id="371" start_j="10" start_i="20" goal_j="26" goal_i="19"/>
	<agent id="372" start_j="56" start_i="53" goal_j="30" goal_i="39"/>
	<agent id="373" start_j="6" start_i="74" goal_j="51" goal_i="30"/>
	<agent id="374" start_j="28" start_i="39" goal_j="5" goal_i="3"/>
	<agent id="375" start_j="64" start_i="75" goal_j="59" goal_i="7"/>
	<agent id="376" start_j="28" start_i="21" goal_j="51" goal_i="8"/>
	<agent id="377" start_j="60" start_i="12" goal_j="26" goal_i="45"/>
	<agent id="378" start_j="17" start_i="74" goal_j="35" goal_i="70"/>
	<agent id="379" start_j="26" start_i="62" goal_j="11" goal_i="62"/>
	<agent id="380" start_j="11" start_i="5" goal_j="34" goal_i="40"/>
	<agent id="381" start_j="55" start_i="24" goal_j="32" goal_i="41"/>
	<agent id="382" start_j="28" start_i="43" goal_j="30" goal_i="69"/>
	<agent id="383" start_j="50" start_i="13" goal_j="31" goal_i="36"/>
	<agent id="384" start_j="43" start_i="39" goal_j="22" goal_i="7"/>
	<agent id="385" start_j="58" start_i="74" goal_j="50" goal_i="27"/>
	<agent id="386" start_j="31" start_i="69" goal_j="27" goal_i="14"/>
	<agent id="387" start_j="27" start_i="72" goal_j="52" goal_i="47"/>
	<agent id="388" start_j="32" start_i="56" goal_j="21" goal_i="16"/>
	<agent id="389" start_j="57" start_i="76" goal_j="53" goal_i="48"/>
	<agent id="390" start_j="49" start_i="72" goal_j="22" goal_i="22"/>
	<agent id="391" start_j="20" start_i="25" goal_j="19" goal_i="34"/>
	<agent id="392" start_j="55" start_i="20" goal_j="34" goal_i="13"/>
	<agent id="393" start_j="17" start_i="60" goal_j="51" goal_i="5"/>
	<agent id="394" start_j="24" start_i="3" goal_j="29" goal_i="48"/>
	<agent id="395" start_j="58" start_i="43" goal_j="3" goal_i="60"/>
	<agent id="396" start_j="58" start_i="9" goal_j="42" goal_i="12"/>
	<agent id="397" start_j="51" start_i="61" goal_j="37" goal_i="40"/>
	<agent id="398" start_j="22" start_i="78" goal_j="20" goal_i="76"/>
	<agent id="399" start_j="5" start_i="63" goal_j="8" goal_i="54"/>
	<agent id="400" start_j="56" start_i="65" goal_j="59" goal_i="10"/>
	<agent id="401" start_j="43" start_i="69" goal_j="23" goal_i="19"/>
	<agent id="402" start_j="24" start_i="52" goal_j="40" goal_i="39"/>
	<agent id="403" start_j="9" start_i="3" goal_j="24" goal_i="51"/>
	<agent id="404" start_j="21" start_i="70" goal_j="40" goal_i="75"/>
	<agent id="405" start_j="53" start_i="73" goal_j="5" goal_i="9"/>
	<agent id="406" start_j="19" start_i="5" goal_j="24" goal_i="19"/>
	<agent id="407" start_j="25" start_i="28" goal_j="14" goal_i="13"/>
	<agent id="408" start_j="29" start_i="59" goal_j="28" goal_i="59"/>
	<agent id="409" start_j="27" start_i="20" goal_j="27" goal_i="43"/>
	<agent id="410" start_j="26" start_i="69" goal_j="58" goal_i="69"/>
	<agent id="411" start_j="8" start_i="4" goal_j="18" goal_i="61"/>
	<agent id="412" start_j="17" start_i="65" goal_j="3" goal_i="58"/>
	<agent id="413" start_j="38" start_i="11" goal_j="15" goal_i="73"/>
	<agent id="414" start_j="21" start_i="77" goal_j="11" goal_i="14"/>
	<agent id="415" start_j="20" start_i="75" goal_j="18" goal_i="60"/>
	<agent id="416" start_j="14" start_i="14" goal_j="25" goal_i="2"/>
	<agent id="417" start_j="56" start_i="8" goal_j="29" goal_i="11"/>
	<agent id="418" start_j="55" start_i="57" goal_j="32" goal_i="57"/>
	<agent id="419" start_j="52" start_i="52" goal_j="22" goal_i="16"/>
	<agent id="420" start_j="56" start_i="6" goal_j="9" goal_i="5"/>
	<agent id="421" start_j="42" start_i="10" goal_j="21" goal_i="34"/>
	<agent id="422" start_j="39" start_i="28" goal_j="25" goal_i="58"/>
	<agent id="423" start_j="60" start_i="45" goal_j="54" goal_i="75"/>
	<agent id="424" start_j="52" start_i="73" goal_j="21" goal_i="42"/>
	<agent id="425" start_j="54" start_i="58" goal_j="5" goal_i="72"/>
	<agent id="426" start_j="23" start_i="69" goal_j="24" goal_i="39"/>
	<agent id="427" start_j="7" start_i="21" goal_j="52" goal_i="26"/>
	<agent id="428" start_j="52" start_i="39" goal_j="10" goal_i="55"/>
	<agent id="429" start_j="28" start_i="54" goal_j="16" goal_i="54"/>
	<agent id="430" start_j="54" start_i="30" goal_j="27" goal_i="29"/>
	<agent id="431" start_j="36" start_i="38" goal_j="35" goal_i="53"/>
	<agent id="432" start_j="44" start_i="9" goal_j="38" goal_i="10"/>
	<agent id="433" start_j="14" start_i="55" goal_j="30" goal_i="42"/>
	<agent id="434" start_j="51" start_i="51" goal_j="24" goal_i="36"/>
	<agent id="435" start_j="9" start_i="13" goal_j="28" goal_i="23"/>
	<agent id="436" start_j="25" start_i="33" goal_j="4" goal_i="60"/>
	<agent id="437" start_j="19" start_i="2" goal_j="45" goal_i="27"/>
	<agent id="438" start_j="21" start_i="15" goal_j="22" goal_i="13"/>
	<agent id="439" start_j="53" start_i="54" goal_j="62" goal_i="74"/>
	<agent id="440" start_j="19" start_i="39" goal_j="51" goal_i="29"/>
	<agent id="441" start_j="50" start_i="59" goal_j="22" goal_i="43"/>
	<agent id="442" start_j="37" start_i="28" goal_j="26" goal_i="71"/>
	<agent id="443" start_j="22" start_i="66" goal_j="7" goal_i="75"/>
	<agent id="444" start_j="51" start_i="22" goal_j="18" goal_i="57"/>
	<agent id="445" start_j="8" start_i="14" goal_j="57" goal_i="29"/>
	<agent id="446" start_j="42" start_i="70" goal_j="35" goal_i="22"/>
	<agent id="447" start_j="9" start_i="77" goal_j="41" goal_i="72"/>
	<agent id="448" start_j="28" start_i="75" goal_j="24" goal_i="69"/>
	<agent id="449" start_j="3" start_i="14" goal_j="21" goal_i="23"/>
	<agent id="450" start_j="18" start_i="34" goal_j="14" goal_i="68"/>
	<agent id="451" start_j="55" start_i="6" goal_j="25" goal_i="56"/>
	<agent id="452" start_j="31" start_i="41" goal_j="28" goal_i="52"/>
	<agent id="453" start_j="21" start_i="66" goal_j="49" goal_i="66"/>
	<agent id="454" start_j="17" start_i="72" goal_j="49" goal_i="9"/>
	<agent id="455" start_j="56" start_i="60" goal_j="12" goal_i="17"/>
	<agent id="456" start_j="53" start_i="11" goal_j="48" goal_i="28"/>
	<agent id="457" start_j="59" start_i="30" goal_j="55" goal_i="39"/>
	<agent id="458" start_j="21" start_i="2" goal_j="47" goal_i="66"/>
	<agent id="459" start_j="20" start_i="5" goal_j="32" goal_i="27"/>
	<agent id="460" start_j="2" start_i="8" goal_j="10" goal_i="21"/>
	<agent id="461" start_j="45" start_i="8" goal_j="31" goal_i="56"/>
	<agent id="462" start_j="53" start_i="43" goal_j="38" goal_i="71"/>
	<agent id="463" start_j="28" start_i="45" goal_j="26" goal_i="68"/>
	<agent id="464" start_j="42" start_i="67" goal_j="8" goal_i="3"/>
	<agent id="465" start_j="25" start_i="60" goal_j="19" goal_i="22"/>
	<agent id="466" start_j="35" start_i="38" goal_j="29" goal_i="27"/>
	<agent id="467" start_j="29" start_i="45" goal_j="58" goal_i="30"/>
	<agent id="468" start_j="11" start_i="59" goal_j="26" goal_i="65"/>
	<agent id="469" start_j="50" start_i="69" goal_j="36" goal_i="23"/>
	<agent id="470" start_j="29" start_i="37" goal_j="38" goal_i="56"/>
	<agent id="471" start_j="35" start_i="45" goal_j="19" goal_i="59"/>
	<agent id="472" start_j="62" start_i="37" goal_j="38" goal_i="69"/>
	<agent id="473" start_j="6" start_i="57" goal_j="52" goal_i="45"/>
	<agent id="474" start_j="25" start_i="21" goal_j="55" goal_i="5"/>
	<agent id="475" start_j="36" start_i="54" goal_j="25" goal_i="7"/>
	<agent id="476" start_j="37" start_i="75" goal_j="10" goal_i="4"/>
	<agent id="477" start_j="19" start_i="74" goal_j="54" goal_i="71"/>
	<agent id="478" start_j="27" start_i="64" goal_j="3" goal_i="5"/>
	<agent id="479" start_j="28" start_i="10" goal_j="39" goal_i="54"/>
	<agent id="480" start_j="40" start_i="76" goal_j="57" goal_i="57"/>
	<agent id="481" start_j="15" start_i="72" goal_j="12" goal_i="12"/>
	<agent id="482" start_j="57" start_i="30" goal_j="61" goal_i="76"/>
	<agent id="483" start_j="59" start_i="13" goal_j="32" goal_i="54"/>
	<agent id="484" start_j="59" start_i="45" goal_j="55" goal_i="38"/>
	<agent id="485" start_j="25" start_i="9" goal_j="47" goal_i="74"/>
	<agent id="486" start_j="10" start_i="78" goal_j="61" goal_i="72"/>
	<agent id="487" start_j="27" start_i="2" goal_j="55" goal_i="37"/>
	<agent id="488" start_j="25" start_i="18" goal_j="41" goal_i="55"/>
	<agent id="489" start_j="45" start_i="69" goal_j="49" goal_i="41"/>
	<agent id="490" start_j="19" start_i="57" goal_j="50" goal_i="70"/>
	<agent id="491" start_j="50" start_i="71" goal_j="8" goal_i="75"/>
	<agent id="492" start_j="37" start_i="12" goal_j="33" goal_i="54"/>
	<agent id="493" start_j="54" start_i="68" goal_j="2" goal_i="55"/>
	<agent id="494" start_j="10" start_i="54" goal_j="21" goal_i="39"/>
	<agent id="495" start_j="41" start_i="66" goal_j="61" goal_i="60"/>
	<agent id="496" start_j="25" start_i="44" goal_j="46" goal_i="72"/>
	<agent id="497" start_j="22" start_i="32" goal_j="2" goal_i="27"/>
	<agent id="498" start_j="30" start_i="38" goal_j="26" goal_i="43"/>
	<agent id="499" start_j="59" start_i="39" goal_j="7" goal_i="57"/>
	<agent id="500" start_j="60" start_i="42" goal_j="51" goal_i="54"/>
	<agent id="501" start_j="51" start_i="38" goal_j="43" goal_i="10"/>
	<agent id="502" start_j="59" start_i="72" goal_j="28" goal_i="71"/>
	<agent id="503" start_j="39" start_i="66" goal_j="8" goal_i="23"/>
	<agent id="504" start_j="34" start_i="45" goal_j="18" goal_i="64"/>
	<agent id="505" start_j="48" start_i="45" goal_j="25" goal_i="22"/>
	<agent id="506" start_j="39" start_i="27" goal_j="33" goal_i="67"/>
	<agent id="507" start_j="20" start_i="67" goal_j="29" goal_i="67"/>
	<agent id="508" start_j="14" start_i="12" goal_j="35" goal_i="69"/>
	<agent id="509" start_j="21" start_i="67" goal_j="42" goal_i="54"/>
	<agent id="510" start_j="12" start_i="23" goal_j="57" goal_i="12"/>
	<agent id="511" start_j="16" start_i="53" goal_j="34" goal_i="37"/>
	<agent id="512" start_j="5" start_i="55" goal_j="56" goal_i="70"/>
	<agent id="513" start_j="38" start_i="20" goal_j="38" goal_i="57"/>
	<agent id="514" start_j="12" start_i="60" goal_j="23" goal_i="40"/>
	<agent id="515" start_j="41" start_i="53" goal_j="19" goal_i="14"/>
	<agent id="516" start_j="36" start_i="73" goal_j="43" goal_i="75"/>
	<agent id="517" start_j="36" start_i="67" goal_j="29" goal_i="66"/>
	<agent id="518" start_j="55" start_i="60" goal_j="9" goal_i="71"/>
	<agent id="519" start_j="39" start_i="20" goal_j="9" goal_i="20"/>
	<agent id="520" start_j="24" start_i="38" goal_j="55" goal_i="74"/>
	<agent id="521" start_j="3" start_i="6" goal_j="27" goal_i="35"/>
	<agent id="522" start_j="42" start_i="57" goal_j="5" goal_i="2"/>
	<agent id="523" start_j="14" start_i="62" goal_j="49" goal_i="73"/>
	<agent id="524" start_j="58" start_i="78" goal_j="20" goal_i="34"/>
	<agent id="525" start_j="56" start_i="45" goal_j="13" goal_i="20"/>
	<agent id="526" start_j="23" start_i="66" goal_j="22" goal_i="34"/>
	<agent id="527" start_j="52" start_i="61" goal_j="2" goal_i="7"/>
	<agent id="528" start_j="53" start_i="8" goal_j="25" goal_i="32"/>
	<agent id="529" start_j="45" start_i="56" goal_j="22" goal_i="39"/>
	<agent id="530" start_j="16" start_i="65" goal_j="28" goal_i="8"/>
	<agent id="531" start_j="51" start_i="50" goal_j="19" goal_i="23"/>
	<agent id="532" start_j="23" start_i="57" goal_j="28" goal_i="57"/>
	<agent id="533" start_j="17" start_i="66" goal_j="54" goal_i="19"/>
	<agent id="534" start_j="57" start_i="43" goal_j="52" goal_i="23"/>
	<agent id="535" start_j="10" start_i="5" goal_j="10" goal_i="58"/>
	<agent id="536" start_j="27" start_i="4" goal_j="11" goal_i="54"/>
	<agent id="537" start_j="27" start_i="56" goal_j="13" goal_i="76"/>
	<agent id="538" start_j="27" start_i="21" goal_j="24" goal_i="37"/>
	<agent id="539" start_j="39" start_i="53" goal_j="26" goal_i="2"/>
	<agent id="540" start_j="50" start_i="9" goal_j="55" goal_i="44"/>
	<agent id="541" start_j="34" start_i="43" goal_j="6" goal_i="5"/>
	<agent id="542" start_j="21" start_i="26" goal_j="35" goal_i="13"/>
	<agent id="543" start_j="37" start_i="10" goal_j="37" goal_i="23"/>
	<agent id="544" start_j="26" start_i="18" goal_j="53" goal_i="30"/>
	<agent id="545" start_j="7" start_i="55" goal_j="36" goal_i="43"/>
	<agent id="546" start_j="45" start_i="60" goal_j="41" goal_i="11"/>
	<agent id="547" start_j="7" start_i="12" goal_j="36" goal_i="78"/>
	<agent id="548" start_j="28" start_i="61" goal_j="10" goal_i="56"/>
	<agent id="549" start_j="21" start_i="17" goal_j="30" goal_i="41"/>
	<agent id="550" start_j="53" start_i="70" goal_j="7" goal_i="14"/>
	<agent id="551" start_j="32" start_i="13" goal_j="22" goal_i="44"/>
	<agent id="552" start_j="60" start_i="40" goal_j="59" goal_i="6"/>
	<agent id="553" start_j="50" start_i="68" goal_j="64" goal_i="77"/>
	<agent id="554" start_j="28" start_i="20" goal_j="52" goal_i="25"/>
	<agent id="555" start_j="18" start_i="66" goal_j="51" goal_i="55"/>
	<agent id="556" start_j="9" start_i="63" goal_j="10" goal_i="69"/>
	<agent id="557" start_j="4" start_i="62" goal_j="55" goal_i="58"/>
	<agent id="558" start_j="4" start_i="18" goal_j="45" goal_i="68"/>
	<agent id="559" start_j="56" start_i="39" goal_j="48" goal_i="73"/>
	<agent id="560" start_j="52" start_i="51" goal_j="42" goal_i="66"/>
	<agent id="561" start_j="7" start_i="10" goal_j="26" goal_i="29"/>
	<agent id="562" start_j="56" start_i="75" goal_j="21" goal_i="11"/>
	<agent id="563" start_j="43" start_i="36" goal_j="60" goal_i="72"/>
	<agent id="564" start_j="21" start_i="28" goal_j="2" goal_i="63"/>
	<agent id="565" start_j="58" start_i="19" goal_j="19" goal_i="33"/>
	<agent id="566" start_j="29" start_i="46" goal_j="26" goal_i="38"/>
	<agent id="567" start_j="59" start_i="74" goal_j="29" goal_i="68"/>
	<agent id="568" start_j="26" start_i="64" goal_j="34" goal_i="22"/>
	<agent id="569" start_j="33" start_i="35" goal_j="37" goal_i="53"/>
	<agent id="570" start_j="49" start_i="71" goal_j="38" goal_i="29"/>
	<agent id="571" start_j="28" start_i="55" goal_j="54" goal_i="44"/>
	<agent id="572" start_j="51" start_i="11" goal_j="21" goal_i="9"/>
	<agent id="573" start_j="59" start_i="77" goal_j="56" goal_i="73"/>
	<agent id="574" start_j="40" start_i="38" goal_j="49" goal_i="13"/>
	<agent id="575" start_j="20" start_i="69" goal_j="29" goal_i="43"/>
	<agent id="576" start_j="17" start_i="19" goal_j="53" goal_i="26"/>
	<agent id="577" start_j="37" start_i="66" goal_j="3" goal_i="29"/>
	<agent id="578" start_j="37" start_i="37" goal_j="9" goal_i="15"/>
	<agent id="579" start_j="3" start_i="12" goal_j="9" goal_i="69"/>
	<agent id="580" start_j="34" start_i="39" goal_j="52" goal_i="75"/>
	<agent id="581" start_j="27" start_i="16" goal_j="11" goal_i="21"/>
	<agent id="582" start_j="53" start_i="76" goal_j="38" goal_i="70"/>
	<agent id="583" start_j="35" start_i="14" goal_j="51" goal_i="53"/>
	<agent id="584" start_j="43" start_i="41" goal_j="18" goal_i="53"/>
	<agent id="585" start_j="39" start_i="13" goal_j="57" goal_i="39"/>
	<agent id="586" start_j="61" start_i="39" goal_j="17" goal_i="55"/>
	<agent id="587" start_j="14" start_i="19" goal_j="35" goal_i="27"/>
	<agent id="588" start_j="11" start_i="55" goal_j="45" goal_i="72"/>
	<agent id="589" start_j="15" start_i="75" goal_j="50" goal_i="61"/>
	<agent id="590" start_j="43" start_i="29" goal_j="44" goal_i="73"/>
	<agent id="591" start_j="26" start_i="5" goal_j="29" goal_i="73"/>
	<agent id="592" start_j="21" start_i="72" goal_j="9" goal_i="10"/>
	<agent id="593" start_j="14" start_i="71" goal_j="7" goal_i="78"/>
	<agent id="594" start_j="51" start_i="19" goal_j="41" goal_i="58"/>
	<agent id="595" start_j="30" start_i="13" goal_j="20" goal_i="72"/>
	<agent id="596" start_j="54" start_i="29" goal_j="4" goal_i="22"/>
	<agent id="597" start_j="19" start_i="13" goal_j="37" goal_i="11"/>
	<agent id="598" start_j="52" start_i="69" goal_j="21" goal_i="14"/>
	<agent id="599" start_j="20" start_i="7" goal_j="35" goal_i="37"/>
	<agent id="600" start_j="8" start_i="5" goal_j="15" goal_i="19"/>
	<agent id="601" start_j="24" start_i="32" goal_j="5" goal_i="77"/>
	<agent id="602" start_j="49" start_i="45" goal_j="31" goal_i="53"/>
	<agent id="603" start_j="54" start_i="7" goal_j="23" goal_i="55"/>
	<agent id="604" start_j="20" start_i="63" goal_j="21" goal_i="74"/>
	<agent id="605" start_j="21" start_i="10" goal_j="23" goal_i="12"/>
	<agent id="606" start_j="60" start_i="68" goal_j="49" goal_i="38"/>
	<agent id="607" start_j="37" start_i="55" goal_j="26" goal_i="35"/>
	<agent id="608" start_j="45" start_i="74" goal_j="37" goal_i="41"/>
	<agent id="609" start_j="62" start_i="69" goal_j="54" goal_i="55"/>
	<agent id="610" start_j="33" start_i="51" goal_j="7" goal_i="5"/>
	<agent id="611" start_j="20" start_i="65" goal_j="28" goal_i="56"/>
	<agent id="612" start_j="54" start_i="4" goal_j="52" goal_i="10"/>
	<agent id="613" start_j="20" start_i="8" goal_j="33" goal_i="37"/>
	<agent id="614" start_j="40" start_i="74" goal_j="55" goal_i="65"/>
	<agent id="615" start_j="29" start_i="13" goal_j="36" goal_i="58"/>
	<agent id="616" start_j="36" start_i="40" goal_j="39" goal_i="72"/>
	<agent id="617" start_j="52" start_i="11" goal_j="59" goal_i="75"/>
	<agent id="618" start_j="46" start_i="14" goal_j="3" goal_i="27"/>
	<agent id="619" start_j="56" start_i="66" goal_j="20" goal_i="68"/>
	<agent id="620" start_j="22" start_i="20" goal_j="30" goal_i="36"/>
	<agent id="621" start_j="16" start_i="72" goal_j="54" goal_i="76"/>
	<agent id="622" start_j="28" start_i="62" goal_j="25" goal_i="41"/>
	<agent id="623" start_j="26" start_i="57" goal_j="57" goal_i="69"/>
	<agent id="624" start_j="39" start_i="12" goal_j="11" goal_i="13"/>
	<agent id="625" start_j="10" start_i="19" goal_j="46" goal_i="41"/>
	<agent id="626" start_j="25" start_i="62" goal_j="6" goal_i="68"/>
	<agent id="627" start_j="55" start_i="40" goal_j="14" goal_i="78"/>
	<agent id="628" start_j="26" start_i="67" goal_j="55" goal_i="72"/>
	<agent id="629" start_j="29" start_i="52" goal_j="55" goal_i="30"/>
	<agent id="630" start_j="48" start_i="44" goal_j="57" goal_i="72"/>
	<agent id="631" start_j="12" start_i="76" goal_j="27" goal_i="57"/>
	<agent id="632" start_j="6" start_i="54" goal_j="24" goal_i="55"/>
	<agent id="633" start_j="13" start_i="56" goal_j="55" goal_i="29"/>
	<agent id="634" start_j="38" start_i="42" goal_j="59" goal_i="76"/>
	<agent id="635" start_j="46" start_i="10" goal_j="42" goal_i="41"/>
	<agent id="636" start_j="25" start_i="40" goal_j="20" goal_i="71"/>
	<agent id="637" start_j="43" start_i="56" goal_j="6" goal_i="71"/>
	<agent id="638" start_j="24" start_i="13" goal_j="24" goal_i="68"/>
	<agent id="639" start_j="60" start_i="75" goal_j="37" goal_i="14"/>
	<agent id="640" start_j="37" start_i="25" goal_j="60" goal_i="10"/>
	<agent id="641" start_j="9" start_i="7" goal_j="28" goal_i="40"/>
	<agent id="642" start_j="8" start_i="71" goal_j="25" goal_i="63"/>
	<agent id="643" start_j="4" start_i="12" goal_j="8" goal_i="68"/>
	<agent id="644" start_j="26" start_i="7" goal_j="39" goal_i="70"/>
	<agent id="645" start_j="37" start_i="38" goal_j="49" goal_i="69"/>
	<agent id="646" start_j="25" start_i="35" goal_j="43" goal_i="53"/>
	<agent id="647" start_j="17" start_i="64" goal_j="39" goal_i="75"/>
	<agent id="648" start_j="19" start_i="70" goal_j="9" goal_i="75"/>
	<agent id="649" start_j="20" start_i="29" goal_j="30" goal_i="44"/>
	<agent id="650" start_j="45" start_i="36" goal_j="45" goal_i="13"/>
	<agent id="651" start_j="51" start_i="39" goal_j="54" goal_i="38"/>
	<agent id="652" start_j="23" start_i="22" goal_j="38" goal_i="23"/>
	<agent id="653" start_j="38" start_i="14" goal_j="59" goal_i="11"/>
	<agent id="654" start_j="25" start_i="27" goal_j="20" goal_i="45"/>
	<agent id="655" start_j="15" start_i="68" goal_j="31" goal_i="67"/>
	<agent id="656" start_j="23" start_i="13" goal_j="9" goal_i="58"/>
	<agent id="657" start_j="50" start_i="10" goal_j="11" goal_i="15"/>
	<agent id="658" start_j="27" start_i="19" goal_j="10" goal_i="3"/>
	<agent id="659" start_j="20" start_i="20" goal_j="46" goal_i="28"/>
	<agent id="660" start_j="43" start_i="11" goal_j="24" goal_i="9"/>
	<agent id="661" start_j="40" start_i="41" goal_j="36" goal_i="24"/>
	<agent id="662" start_j="6" start_i="9" goal_j="6" goal_i="62"/>
	<agent id="663" start_j="53" start_i="53" goal_j="17" goal_i="71"/>
	<agent id="664" start_j="46" start_i="40" goal_j="41" goal_i="41"/>
	<agent id="665" start_j="56" start_i="58" goal_j="21" goal_i="19"/>
	<agent id="666" start_j="12" start_i="77" goal_j="53" goal_i="25"/>
	<agent id="667" start_j="49" start_i="30" goal_j="2" goal_i="29"/>
	<agent id="668" start_j="25" start_i="70" goal_j="15" goal_i="62"/>
	<agent id="669" start_j="29" start_i="70" goal_j="34" goal_i="55"/>
	<agent id="670" start_j="20" start_i="21" goal_j="18" goal_i="56"/>
	<agent id="671" start_j="42" start_i="39" goal_j="54" goal_i="5"/>
	<agent id="672" start_j="24" start_i="21" goal_j="50" goal_i="30"/>
	<agent id="673" start_j="5" start_i="76" goal_j="40" goal_i="67"/>
	<agent id="674" start_j="39" start_i="58" goal_j="26" goal_i="56"/>
	<agent id="675" start_j="56" start_i="72" goal_j="61" goal_i="77"/>
	<agent id="676" start_j="44" start_i="42" goal_j="55" goal_i="19"/>
	<agent id="677" start_j="36" start_i="25" goal_j="23" goal_i="23"/>
	<agent id="678" start_j="53" start_i="68" goal_j="56" goal_i="13"/>
	<agent id="679" start_j="16" start_i="19" goal_j="3" goal_i="10"/>
	<agent id="680" start_j="30" start_i="43" goal_j="5" goal_i="53"/>
	<agent id="681" start_j="32" start_i="38" goal_j="20" goal_i="33"/>
	<agent id="682" start_j="29" start_i="61" goal_j="57" goal_i="73"/>
	<agent id="683" start_j="51" start_i="67" goal_j="55" goal_i="7"/>
	<agent id="684" start_j="16" start_i="73" goal_j="18" goal_i="74"/>
	<agent id="685" start_j="26" start_i="39" goal_j="15" goal_i="78"/>
	<agent id="686" start_j="50" start_i="6" goal_j="28" goal_i="44"/>
	<agent id="687" start_j="9" start_i="53" goal_j="5" goal_i="62"/>
	<agent id="688" start_j="25" start_i="71" goal_j="18" goal_i="8"/>
	<agent id="689" start_j="56" start_i="7" goal_j="3" goal_i="9"/>
	<agent id="690" start_j="53" start_i="41" goal_j="26" goal_i="51"/>
	<agent id="691" start_j="27" start_i="34" goal_j="15" goal_i="71"/>
	<agent id="692" start_j="36" start_i="70" goal_j="42" goal_i="27"/>
	<agent id="693" start_j="35" start_i="39" goal_j="12" goal_i="20"/>
	<agent id="694" start_j="52" start_i="19" goal_j="53" goal_i="45"/>
	<agent id="695" start_j="52" start_i="3" goal_j="2" goal_i="57"/>
	<agent id="696" start_j="59" start_i="8" goal_j="24" goal_i="34"/>
	<agent id="697" start_j="56" start_i="9" goal_j="48" goal_i="76"/>
	<agent id="698" start_j="42" start_i="74" goal_j="27" goal_i="31"/>
	<agent id="699" start_j="29" start_i="57" goal_j="27" goal_i="41"/>
	<agent id="700" start_j="60" start_i="29" goal_j="43" goal_i="13"/>
	<agent id="701" start_j="22" start_i="21" goal_j="34" goal_i="56"/>
	<agent id="702" start_j="49" start_i="44" goal_j="21" goal_i="12"/>
	<agent id="703" start_j="23" start_i="28" goal_j="42" goal_i="75"/>
	<agent id="704" start_j="8" start_i="63" goal_j="8" goal_i="61"/>
	<agent id="705" start_j="34" start_i="42" goal_j="45" goal_i="57"/>
	<agent id="706" start_j="22" start_i="36" goal_j="23" goal_i="34"/>
	<agent id="707" start_j="26" start_i="61" goal_j="56" goal_i="5"/>
	<agent id="708" start_j="28" start_i="11" goal_j="10" goal_i="77"/>
	<agent id="709" start_j="51" start_i="10" goal_j="20" goal_i="16"/>
	<agent id="710" start_j="22" start_i="23" goal_j="53" goal_i="57"/>
	<agent id="711" start_j="29" start_i="39" goal_j="26" goal_i="32"/>
	<agent id="712" start_j="52" start_i="55" goal_j="58" goal_i="44"/>
	<agent id="713" start_j="19" start_i="61" goal_j="36" goal_i="41"/>
	<agent id="714" start_j="57" start_i="54" goal_j="35" goal_i="11"/>
	<agent id="715" start_j="23" start_i="32" goal_j="9" goal_i="61"/>
	<agent id="716" start_j="47" start_i="42" goal_j="38" goal_i="40"/>
	<agent id="717" start_j="31" start_i="42" goal_j="51" goal_i="57"/>
	<agent id="718" start_j="43" start_i="54" goal_j="36" goal_i="9"/>
	<agent id="719" start_j="49" start_i="28" goal_j="53" goal_i="10"/>
	<agent id="720" start_j="39" start_i="74" goal_j="46" goal_i="39"/>
	<agent id="721" start_j="14" start_i="54" goal_j="52" goal_i="9"/>
	<agent id="722" start_j="20" start_i="70" goal_j="57" goal_i="60"/>
	<agent id="723" start_j="29" start_i="32" goal_j="3" goal_i="62"/>
	<agent id="724" start_j="19" start_i="42" goal_j="12" goal_i="21"/>
	<agent id="725" start_j="55" start_i="52" goal_j="36" goal_i="11"/>
	<agent id="726" start_j="4" start_i="21" goal_j="45" goal_i="37"/>
	<agent id="727" start_j="40" start_i="51" goal_j="19" goal_i="20"/>
	<agent id="728" start_j="12" start_i="57" goal_j="9" goal_i="21"/>
	<agent id="729" start_j="11" start_i="61" goal_j="52" goal_i="27"/>
	<agent id="730" start_j="36" start_i="30" goal_j="23" goal_i="20"/>
	<agent id="731" start_j="24" start_i="15" goal_j="19" goal_i="73"/>
	<agent id="732" start_j="48" start_i="70" goal_j="28" goal_i="19"/>
	<agent id="733" start_j="41" start_i="38" goal_j="27" goal_i="61"/>
	<agent id="734" start_j="36" start_i="21" goal_j="32" goal_i="43"/>
	<agent id="735" start_j="34" start_i="44" goal_j="45" goal_i="66"/>
	<agent id="736" start_j="21" start_i="29" goal_j="27" goal_i="28"/>
	<agent id="737" start_j="6" start_i="12" goal_j="53" goal_i="61"/>
	<agent id="738" start_j="27" start_i="30" goal_j="58" goal_i="6"/>
	<agent id="739" start_j="60" start_i="41" goal_j="6" goal_i="21"/>
	<agent id="740" start_j="31" start_i="43" goal_j="58" goal_i="59"/>
	<agent id="741" start_j="54" start_i="66" goal_j="33" goal_i="28"/>
	<agent id="742" start_j="26" start_i="3" goal_j="54" goal_i="56"/>
	<agent id="743" start_j="54" start_i="8" goal_j="54" goal_i="70"/>
	<agent id="744" start_j="31" start_i="58" goal_j="28" goal_i="18"/>
	<agent id="745" start_j="40" start_i="28" goal_j="34" goal_i="66"/>
	<agent id="746" start_j="29" start_i="34" goal_j="41" goal_i="73"/>
	<agent id="747" start_j="19" start_i="26" goal_j="24" goal_i="66"/>
	<agent id="748" start_j="47" start_i="45" goal_j="43" goal_i="70"/>
	<agent id="749" start_j="24" start_i="25" goal_j="10" goal_i="11"/>
	<agent id="750" start_j="7" start_i="63" goal_j="57" goal_i="58"/>
	<agent id="751" start_j="18" start_i="59" goal_j="32" goal_i="44"/>
	<agent id="752" start_j="21" start_i="68" goal_j="45" goal_i="58"/>
	<agent id="753" start_j="31" start_i="55" goal_j="38" goal_i="78"/>
	<agent id="754" start_j="56" start_i="71" goal_j="51" goal_i="47"/>
	<agent id="755" start_j="8" start_i="53" goal_j="54" goal_i="40"/>
	<agent id="756" start_j="26" start_i="31" goal_j="33" goal_i="44"/>
	<agent id="757" start_j="57" start_i="13" goal_j="45" goal_i="10"/>
	<agent id="758" start_j="53" start_i="29" goal_j="25" goal_i="30"/>
	<agent id="759" start_j="25" start_i="38" goal_j="29" goal_i="58"/>
	<agent id="760" start_j="22" start_i="2" goal_j="52" goal_i="68"/>
	<agent id="761" start_j="10" start_i="63" goal_j="5" goal_i="15"/>
	<agent id="762" start_j="18" start_i="71" goal_j="53" goal_i="38"/>
	<agent id="763" start_j="43" start_i="38" goal_j="34" goal_i="72"/>
	<agent id="764" start_j="22" start_i="69" goal_j="56" goal_i="42"/>
	<agent id="765" start_j="38" start_i="73" goal_j="58" goal_i="71"/>
	<agent id="766" start_j="11" start_i="23" goal_j="35" goal_i="25"/>
	<agent id="767" start_j="52" start_i="41" goal_j="36" goal_i="44"/>
	<agent id="768" start_j="28" start_i="50" goal_j="39" goal_i="55"/>
	<agent id="769" start_j="3" start_i="55" goal_j="31" goal_i="12"/>
	<agent id="770" start_j="18" start_i="65" goal_j="48" goal_i="74"/>
	<agent id="771" start_j="30" start_i="57" goal_j="24" goal_i="65"/>
	<agent id="772" start_j="10" start_i="18" goal_j="54" goal_i="59"/>
	<agent id="773" start_j="54" start_i="26" goal_j="57" goal_i="9"/>
	<agent id="774" start_j="52" start_i="66" goal_j="50" goal_i="66"/>
	<agent id="775" start_j="24" start_i="30" goal_j="54" goal_i="45"/>
	<agent id="776" start_j="23" start_i="41" goal_j="15" goal_i="69"/>
	<agent id="777" start_j="4" start_i="54" goal_j="15" goal_i="67"/>
	<agent id="778" start_j="61" start_i="9" goal_j="37" goal_i="43"/>
	<agent id="779" start_j="54" start_i="6" goal_j="36" goal_i="71"/>
	<agent id="780" start_j="36" start_i="12" goal_j="61" goal_i="29"/>
	<agent id="781" start_j="57" start_i="71" goal_j="32" goal_i="69"/>
	<agent id="782" start_j="22" start_i="57" goal_j="39" goal_i="38"/>
	<agent id="783" start_j="55" start_i="26" goal_j="6" goal_i="77"/>
	<agent id="784" start_j="39" start_i="68" goal_j="9" goal_i="78"/>
	<agent id="785" start_j="25" start_i="54" goal_j="50" goal_i="42"/>
	<agent id="786" start_j="50" start_i="5" goal_j="27" goal_i="7"/>
	<agent id="787" start_j="10" start_i="59" goal_j="21" goal_i="25"/>
	<agent id="788" start_j="57" start_i="40" goal_j="25" goal_i="6"/>
	<agent id="789" start_j="48" start_i="11" goal_j="34" goal_i="54"/>
	<agent id="790" start_j="43" start_i="8" goal_j="8" goal_i="7"/>
	<agent id="791" start_j="55" start_i="8" goal_j="62" goal_i="77"/>
	<agent id="792" start_j="49" start_i="29" goal_j="50" goal_i="28"/>
	<agent id="793" start_j="40" start_i="71" goal_j="53" goal_i="24"/>
	<agent id="794" start_j="55" start_i="73" goal_j="33" goal_i="57"/>
	<agent id="795" start_j="20" start_i="78" goal_j="40" goal_i="29"/>
	<agent id="796" start_j="3" start_i="23" goal_j="7" goal_i="70"/>
	<agent id="797" start_j="36" start_i="75" goal_j="51" goal_i="73"/>
	<agent id="798" start_j="61" start_i="78" goal_j="57" goal_i="41"/>
	<agent id="799" start_j="40" start_i="54" goal_j="29" goal_i="31"/>
	<agent id="800" start_j="31" start_i="59" goal_j="7" goal_i="69"/>
	<agent id="801" start_j="23" start_i="38" goal_j="15" goal_i="55"/>
	<agent id="802" start_j="16" start_i="71" goal_j="58" goal_i="53"/>
	<agent id="803" start_j="51" start_i="75" goal_j="27" goal_i="36"/>
	<agent id="804" start_j="47" start_i="71" goal_j="42" goal_i="28"/>
	<agent id="805" start_j="33" start_i="68" goal_j="9" goal_i="22"/>
	<agent id="806" start_j="22" start_i="68" goal_j="53" goal_i="65"/>
	<agent id="807" start_j="51" start_i="40" goal_j="26" goal_i="63"/>
	<agent id="808" start_j="60" start_i="78" goal_j="22" goal_i="67"/>
	<agent id="809" start_j="7" start_i="4" goal_j="29" goal_i="47"/>
	<agent id="810" start_j="53" start_i="37" goal_j="16" goal_i="62"/>
	<agent id="811" start_j="18" start_i="75" goal_j="21" goal_i="44"/>
	<agent id="812" start_j="33" start_i="59" goal_j="32" goal_i="28"/>
	<agent id="813" start_j="38" start_i="12" goal_j="45" goal_i="40"/>
	<agent id="814" start_j="18" start_i="33" goal_j="53" goal_i="51"/>
	<agent id="815" start_j="41" start_i="74" goal_j="61" goal_i="61"/>
	<agent id="816" start_j="5" start_i="22" goal_j="10" goal_i="76"/>
	<agent id="817" start_j="35" start_i="42" goal_j="53" goal_i="19"/>
	<agent id="818" start_j="38" start_i="76" goal_j="44" goal_i="30"/>
	<agent id="819" start_j="2" start_i="56" goal_j="55" goal_i="53"/>
	<agent id="820" start_j="60" start_i="58" goal_j="20" goal_i="57"/>
	<agent id="821" start_j="37" start_i="24" goal_j="5" goal_i="75"/>
	<agent id="822" start_j="21" start_i="8" goal_j="11" goal_i="63"/>
	<agent id="823" start_j="6" start_i="70" goal_j="19" goal_i="37"/>
	<agent id="824" start_j="15" start_i="77" goal_j="56" goal_i="52"/>
	<agent id="825" start_j="47" start_i="75" goal_j="11" goal_i="56"/>
	<agent id="826" start_j="49" start_i="74" goal_j="57" goal_i="11"/>
	<agent id="827" start_j="15" start_i="56" goal_j="19" goal_i="24"/>
	<agent id="828" start_j="12" start_i="56" goal_j="7" goal_i="11"/>
	<agent id="829" start_j="44" start_i="69" goal_j="49" goal_i="70"/>
	<agent id="830" start_j="42" start_i="38" goal_j="35" goal_i="58"/>
	<agent id="831" start_j="54" start_i="60" goal_j="22" goal_i="31"/>
	<agent id="832" start_j="38" start_i="9" goal_j="55" goal_i="56"/>
	<agent id="833" start_j="24" start_i="26" goal_j="7" goal_i="54"/>
	<agent id="834" start_j="27" start_i="25" goal_j="41" goal_i="28"/>
	<agent id="835" start_j="8" start_i="50" goal_j="61" goal_i="41"/>
	<agent id="836" start_j="13" start_i="21" goal_j="50" goal_i="45"/>
	<agent id="837" start_j="3" start_i="63" goal_j="47" goal_i="11"/>
	<agent id="838" start_j="50" start_i="73" goal_j="36" goal_i="55"/>
	<agent id="839" start_j="56" start_i="12" goal_j="41" goal_i="13"/>
	<agent id="840" start_j="27" start_i="27" goal_j="4" goal_i="8"/>
	<agent id="841" start_j="2" start_i="9" goal_j="21" goal_i="55"/>
	<agent id="842" start_j="21" start_i="65" goal_j="6" goal_i="6"/>
	<agent id="843" start_j="57" start_i="37" goal_j="26" goal_i="13"/>
	<agent id="844" start_j="19" start_i="64" goal_j="14" goal_i="76"/>
	<agent id="845" start_j="45" start_i="12" goal_j="62" goal_i="73"/>
	<agent id="846" start_j="54" start_i="12" goal_j="3" goal_i="57"/>
	<agent id="847" start_j="26" start_i="52" goal_j="39" goal_i="69"/>
	<agent id="848" start_j="57" start_i="74" goal_j="16" goal_i="50"/>
	<agent id="849" start_j="23" start_i="36" goal_j="25" goal_i="20"/>
	<agent id="850" start_j="59" start_i="69" goal_j="22" goal_i="40"/>
	<agent id="851" start_j="47" start_i="67" goal_j="17" goal_i="75"/>
	<agent id="852" start_j="23" start_i="15" goal_j="19" goal_i="6"/>
	<agent id="853" start_j="18" start_i="67" goal_j="55" goal_i="12"/>
	<agent id="854" start_j="15" start_i="64" goal_j="55" goal_i="23"/>
	<agent id="855" start_j="31" start_i="54" goal_j="58" goal_i="37"/>
	<agent id="856" start_j="26" start_i="44" goal_j="49" goal_i="43"/>
	<agent id="857" start_j="23" start_i="3" goal_j="23" goal_i="26"/>
	<agent id="858" start_j="30" start_i="60" goal_j="18" goal_i="58"/>
	<agent id="859" start_j="60" start_i="44" goal_j="24" goal_i="67"/>
	<agent id="860" start_j="51" start_i="70" goal_j="24" goal_i="27"/>
	<agent id="861" start_j="32" start_i="42" goal_j="40" goal_i="27"/>
	<agent id="862" start_j="25" start_i="16" goal_j="55" goal_i="9"/>
	<agent id="863" start_j="45" start_i="75" goal_j="20" goal_i="12"/>
	<agent id="864" start_j="25" start_i="15" goal_j="46" goal_i="70"/>
	<agent id="865" start_j="57" start_i="42" goal_j="8" goal_i="51"/>
	<agent id="866" start_j="33" start_i="58" goal_j="45" goal_i="55"/>
	<agent id="867" start_j="48" start_i="29" goal_j="23" goal_i="70"/>
	<agent id="868" start_j="21" start_i="24" goal_j="54" goal_i="43"/>
	<agent id="869" start_j="41" start_i="75" goal_j="30" goal_i="40"/>
	<agent id="870" start_j="61" start_i="40" goal_j="26" goal_i="55"/>
	<agent id="871" start_j="8" start_i="12" goal_j="27" goal_i="45"/>
	<agent id="872" start_j="13" start_i="16" goal_j="11" goal_i="2"/>
	<agent id="873" start_j="4" start_i="19" goal_j="22" goal_i="37"/>
	<agent id="874" start_j="57" start_i="56" goal_j="48" goal_i="40"/>
	<agent id="875" start_j="14" start_i="74" goal_j="59" goal_i="41"/>
	<agent id="876" start_j="44" start_i="13" goal_j="44" goal_i="59"/>
	<agent id="877" start_j="8" start_i="55" goal_j="54" goal_i="21"/>
	<agent id="878" start_j="43" start_i="58" goal_j="52" goal_i="6"/>
	<agent id="879" start_j="37" start_i="70" goal_j="27" goal_i="12"/>
	<agent id="880" start_j="48" start_i="39" goal_j="32" goal_i="59"/>
	<agent id="881" start_j="27" start_i="6" goal_j="49" goal_i="10"/>
	<agent id="882" start_j="33" start_i="42" goal_j="54" goal_i="73"/>
	<agent id="883" start_j="55" start_i="51" goal_j="34" goal_i="23"/>
	<agent id="884" start_j="53" start_i="14" goal_j="56" goal_i="41"/>
	<agent id="885" start_j="48" start_i="12" goal_j="12" goal_i="16"/>
	<agent id="886" start_j="37" start_i="21" goal_j="58" goal_i="66"/>
	<agent id="887" start_j="29" start_i="36" goal_j="25" goal_i="72"/>
	<agent id="888" start_j="38" start_i="27" goal_j="42" goal_i="72"/>
	<agent id="889" start_j="19" start_i="66" goal_j="45" goal_i="28"/>
	<agent id="890" start_j="8" start_i="15" goal_j="16" goal_i="76"/>
	<agent id="891" start_j="21" start_i="5" goal_j="16" goal_i="20"/>
	<agent id="892" start_j="20" start_i="23" goal_j="35" goal_i="55"/>
	<agent id="893" start_j="38" start_i="26" goal_j="28" goal_i="46"/>
	<agent id="894" start_j="45" start_i="76" goal_j="23" goal_i="68"/>
	<agent id="895" start_j="13" start_i="53" goal_j="37" goal_i="13"/>
	<agent id="896" start_j="41" start_i="67" goal_j="42" goal_i="58"/>
	<agent id="897" start_j="42" start_i="56" goal_j="33" goal_i="29"/>
	<agent id="898" start_j="7" start_i="58" goal_j="39" goal_i="41"/>
	<agent id="899" start_j="28" start_i="24" goal_j="23" goal_i="56"/>
	<agent id="900" start_j="58" start_i="40" goal_j="17" goal_i="57"/>
	<agent id="901" start_j="29" start_i="41" goal_j="33" goal_i="38"/>
	<agent id="902" start_j="38" start_i="24" goal_j="51" goal_i="6"/>
	<agent id="903" start_j="29" start_i="12" goal_j="50" goal_i="57"/>
	<agent id="904" start_j="43" start_i="28" goal_j="38" goal_i="19"/>
	<agent id="905" start_j="4" start_i="6" goal_j="37" goal_i="22"/>
	<agent id="906" start_j="33" start_i="36" goal_j="54" goal_i="54"/>
	<agent id="907" start_j="35" start_i="54" goal_j="53" goal_i="47"/>
	<agent id="908" start_j="13" start_i="54" goal_j="29" goal_i="28"/>
	<agent id="909" start_j="8" start_i="78" goal_j="35" goal_i="44"/>
	<agent id="910" start_j="26" start_i="33" goal_j="45" goal_i="67"/>
	<agent id="911" start_j="35" start_i="24" goal_j="26" goal_i="24"/>
	<agent id="912" start_j="19" start_i="28" goal_j="4" goal_i="63"/>
	<agent id="913" start_j="36" start_i="29" goal_j="59" goal_i="73"/>
	<agent id="914" start_j="28" start_i="28" goal_j="60" goal_i="74"/>
	<agent id="915" start_j="59" start_i="29" goal_j="8" goal_i="22"/>
	<agent id="916" start_j="38" start_i="58" goal_j="24" goal_i="18"/>
	<agent id="917" start_j="11" start_i="17" goal_j="57" goal_i="10"/>
	<agent id="918" start_j="23" start_i="9" goal_j="37" goal_i="56"/>
	<agent id="919" start_j="51" start_i="14" goal_j="53" goal_i="60"/>
	<agent id="920" start_j="57" start_i="8" goal_j="24" goal_i="4"/>
	<agent id="921" start_j="57" start_i="6" goal_j="49" goal_i="67"/>
	<agent id="922" start_j="24" start_i="10" goal_j="31" goal_i="11"/>
	<agent id="923" start_j="50" start_i="12" goal_j="40" goal_i="56"/>
	<agent id="924" start_j="49" start_i="27" goal_j="59" goal_i="43"/>
	<agent id="925" start_j="23" start_i="43" goal_j="19" goal_i="56"/>
	<agent id="926" start_j="44" start_i="53" goal_j="25" goal_i="12"/>
	<agent id="927" start_j="27" start_i="70" goal_j="29" goal_i="35"/>
	<agent id="928" start_j="23" start_i="25" goal_j="58" goal_i="56"/>
	<agent id="929" start_j="44" start_i="27" goal_j="24" goal_i="57"/>
	<agent id="930" start_j="51" start_i="71" goal_j="26" goal_i="42"/>
	<agent id="931" start_j="20" start_i="3" goal_j="38" goal_i="72"/>
	<agent id="932" start_j="53" start_i="36" goal_j="34" goal_i="26"/>
	<agent id="933" start_j="17" start_i="69" goal_j="51" goal_i="37"/>
	<agent id="934" start_j="8" start_i="21" goal_j="56" goal_i="76"/>
	<agent id="935" start_j="14" start_i="72" goal_j="28" goal_i="41"/>
	<agent id="936" start_j="33" start_i="69" goal_j="6" goal_i="55"/>
	<agent id="937" start_j="20" start_i="2" goal_j="46" goal_i="71"/>
	<agent id="938" start_j="55" start_i="69" goal_j="60" goal_i="70"/>
	<agent id="939" start_j="38" start_i="41" goal_j="7" goal_i="62"/>
	<agent id="940" start_j="6" start_i="72" goal_j="6" goal_i="78"/>
	<agent id="941" start_j="34" start_i="68" goal_j="48" goal_i="13"/>
	<agent id="942" start_j="51" start_i="66" goal_j="45" goal_i="59"/>
	<agent id="943" start_j="57" start_i="68" goal_j="37" goal_i="58"/>
	<agent id="944" start_j="55" start_i="22" goal_j="29" goal_i="54"/>
	<agent id="945" start_j="3" start_i="7" goal_j="9" goal_i="19"/>
	<agent id="946" start_j="21" start_i="33" goal_j="24" goal_i="8"/>
	<agent id="947" start_j="35" start_i="28" goal_j="15" goal_i="70"/>
	<agent id="948" start_j="41" start_i="71" goal_j="26" goal_i="60"/>
	<agent id="949" start_j="22" start_i="27" goal_j="32" goal_i="11"/>
	<agent id="950" start_j="21" start_i="56" goal_j="21" goal_i="71"/>
	<agent id="951" start_j="30" start_i="58" goal_j="21" goal_i="7"/>
	<agent id="952" start_j="5" start_i="10" goal_j="54" goal_i="37"/>
	<agent id="953" start_j="3" start_i="54" goal_j="30" goal_i="50"/>
	<agent id="954" start_j="53" start_i="9" goal_j="34" goal_i="57"/>
	<agent id="955" start_j="58" start_i="76" goal_j="3" goal_i="61"/>
	<agent id="956" start_j="34" start_i="70" goal_j="19" goal_i="38"/>
	<agent id="957" start_j="22" start_i="9" goal_j="40" goal_i="40"/>
	<agent id="958" start_j="21" start_i="45" goal_j="27" goal_i="39"/>
	<agent id="959" start_j="21" start_i="4" goal_j="42" goal_i="30"/>
	<agent id="960" start_j="52" start_i="57" goal_j="23" goal_i="53"/>
	<agent id="961" start_j="24" start_i="40" goal_j="22" goal_i="33"/>
	<agent id="962" start_j="9" start_i="14" goal_j="59" goal_i="9"/>
	<agent id="963" start_j="37" start_i="74" goal_j="23" goal_i="35"/>
	<agent id="964" start_j="34" start_i="35" goal_j="28" goal_i="29"/>
	<agent id="965" start_j="24" start_i="63" goal_j="27" goal_i="52"/>
	<agent id="966" start_j="6" start_i="63" goal_j="57" goal_i="44"/>
	<agent id="967" start_j="56" start_i="38" goal_j="7" goal_i="15"/>
	<agent id="968" start_j="57" start_i="67" goal_j="51" goal_i="44"/>
	<agent id="969" start_j="50" start_i="11" goal_j="40" goal_i="58"/>
	<agent id="970" start_j="51" start_i="59" goal_j="57" goal_i="75"/>
	<agent id="971" start_j="51" start_i="45" goal_j="58" goal_i="8"/>
	<agent id="972" start_j="36" start_i="22" goal_j="48" goal_i="42"/>
	<agent id="973" start_j="19" start_i="3" goal_j="54" goal_i="57"/>
	<agent id="974" start_j="52" start_i="30" goal_j="38" goal_i="25"/>
	<agent id="975" start_j="22" start_i="53" goal_j="7" goal_i="13"/>
	<agent id="976" start_j="53" start_i="22" goal_j="42" goal_i="53"/>
	<agent id="977" start_j="20" start_i="31" goal_j="52" goal_i="14"/>
	<agent id="978" start_j="51" start_i="24" goal_j="60" goal_i="69"/>
	<agent id="979" start_j="27" start_i="69" goal_j="53" goal_i="75"/>
	<agent id="980" start_j="44" start_i="56" goal_j="36" goal_i="74"/>
	<agent id="981" start_j="46" start_i="74" goal_j="14" goal_i="73"/>
	<agent id="982" start_j="57" start_i="70" goal_j="15" goal_i="54"/>
	<agent id="983" start_j="53" start_i="23" goal_j="60" goal_i="77"/>
	<agent id="984" start_j="54" start_i="27" goal_j="43" goal_i="74"/>
	<agent id="985" start_j="22" start_i="38" goal_j="39" goal_i="39"/>
	<agent id="986" start_j="58" start_i="60" goal_j="59" goal_i="44"/>
	<agent id="987" start_j="5" start_i="7" goal_j="36" goal_i="72"/>
	<agent id="988" start_j="19" start_i="35" goal_j="58" goal_i="41"/>
	<agent id="989" start_j="25" start_i="37" goal_j="27" goal_i="8"/>
	<agent id="990" start_j="35" start_i="12" goal_j="17" goal_i="67"/>
	<agent id="991" start_j="25" start_i="68" goal_j="35" goal_i="72"/>
	<agent id="992" start_j="38" start_i="66" goal_j="5" goal_i="14"/>
	<agent id="993" start_j="35" start_i="67" goal_j="28" goal_i="31"/>
	<agent id="994" start_j="56" start_i="29" goal_j="47" goal_i="38"/>
	<agent id="995" start_j="25" start_i="39" goal_j="22" goal_i="25"/>
	<agent id="996" start_j="23" start_i="27" goal_j="48" goal_i="66"/>
	<agent id="997" start_j="23" start_i="14" goal_j="45" goal_i="70"/>
	<agent id="998" start_j="53" start_i="56" goal_j="10" goal_i="8"/>
	<agent id="999" start_j="3" start_i="56" goal_j="14" goal_i="70"/>
</root>
