<?xml version="1.0" ?>
<root>
   <agent start_id="1122" goal_id="4387"/>
   <agent start_id="2686" goal_id="5952"/>
   <agent start_id="7226" goal_id="7729"/>
   <agent start_id="8456" goal_id="380"/>
   <agent start_id="3391" goal_id="6656"/>
   <agent start_id="9544" goal_id="10047"/>
   <agent start_id="4824" goal_id="8089"/>
   <agent start_id="8674" goal_id="598"/>
   <agent start_id="1304" goal_id="1806"/>
   <agent start_id="5715" goal_id="8980"/>
   <agent start_id="5041" goal_id="8307"/>
   <agent start_id="10517" goal_id="11020"/>
   <agent start_id="10524" goal_id="2448"/>
   <agent start_id="2881" goal_id="6147"/>
   <agent start_id="6909" goal_id="7411"/>
   <agent start_id="2778" goal_id="6044"/>
   <agent start_id="5140" goal_id="5643"/>
   <agent start_id="472" goal_id="3737"/>
   <agent start_id="2885" goal_id="6150"/>
   <agent start_id="9404" goal_id="9906"/>
   <agent start_id="8089" goal_id="1271"/>
   <agent start_id="2796" goal_id="6061"/>
   <agent start_id="5862" goal_id="6364"/>
   <agent start_id="2123" goal_id="5388"/>
   <agent start_id="796" goal_id="4062"/>
   <agent start_id="3984" goal_id="4487"/>
   <agent start_id="401" goal_id="3667"/>
   <agent start_id="4953" goal_id="8218"/>
   <agent start_id="2860" goal_id="3363"/>
   <agent start_id="2647" goal_id="5912"/>
   <agent start_id="1598" goal_id="4864"/>
   <agent start_id="9542" goal_id="1466"/>
   <agent start_id="4314" goal_id="4817"/>
   <agent start_id="3517" goal_id="6783"/>
   <agent start_id="3449" goal_id="6714"/>
   <agent start_id="82" goal_id="585"/>
   <agent start_id="2776" goal_id="6041"/>
   <agent start_id="3982" goal_id="4485"/>
   <agent start_id="469" goal_id="3735"/>
   <agent start_id="1381" goal_id="4646"/>
   <agent start_id="3769" goal_id="4272"/>
   <agent start_id="707" goal_id="3973"/>
   <agent start_id="34" goal_id="3300"/>
   <agent start_id="227" goal_id="730"/>
   <agent start_id="9723" goal_id="2905"/>
   <agent start_id="953" goal_id="1455"/>
   <agent start_id="1578" goal_id="4844"/>
   <agent start_id="252" goal_id="3517"/>
   <agent start_id="2501" goal_id="3003"/>
   <agent start_id="9288" goal_id="2469"/>
   <agent start_id="10852" goal_id="2776"/>
   <agent start_id="623" goal_id="1125"/>
   <agent start_id="10179" goal_id="2102"/>
   <agent start_id="8852" goal_id="2034"/>
   <agent start_id="8830" goal_id="9332"/>
   <agent start_id="7804" goal_id="11070"/>
   <agent start_id="4518" goal_id="7784"/>
   <agent start_id="2869" goal_id="3371"/>
   <agent start_id="2212" goal_id="5478"/>
   <agent start_id="5260" goal_id="5762"/>
   <agent start_id="7042" goal_id="10308"/>
   <agent start_id="5716" goal_id="8981"/>
   <agent start_id="7058" goal_id="7561"/>
   <agent start_id="5042" goal_id="8308"/>
   <agent start_id="10617" goal_id="2541"/>
   <agent start_id="5040" goal_id="5543"/>
   <agent start_id="708" goal_id="3974"/>
   <agent start_id="362" goal_id="3627"/>
   <agent start_id="11220" goal_id="381"/>
   <agent start_id="4212" goal_id="7477"/>
   <agent start_id="3539" goal_id="6804"/>
   <agent start_id="8180" goal_id="8683"/>
   <agent start_id="10288" goal_id="2212"/>
   <agent start_id="9615" goal_id="2797"/>
   <agent start_id="5800" goal_id="6303"/>
   <agent start_id="8945" goal_id="5389"/>
   <agent start_id="8873" goal_id="797"/>
   <agent start_id="3923" goal_id="4425"/>
   <agent start_id="7220" goal_id="402"/>
   <agent start_id="7805" goal_id="11071"/>
   <agent start_id="8549" goal_id="9051"/>
   <agent start_id="8111" goal_id="35"/>
   <agent start_id="5805" goal_id="9071"/>
   <agent start_id="6671" goal_id="7173"/>
   <agent start_id="10635" goal_id="2559"/>
   <agent start_id="6696" goal_id="9962"/>
   <agent start_id="5045" goal_id="5547"/>
   <agent start_id="5370" goal_id="8635"/>
   <agent start_id="6608" goal_id="9873"/>
   <agent start_id="244" goal_id="747"/>
   <agent start_id="1450" goal_id="4716"/>
   <agent start_id="9988" goal_id="10490"/>
   <agent start_id="2127" goal_id="5392"/>
   <agent start_id="5193" goal_id="8458"/>
   <agent start_id="2267" goal_id="2769"/>
   <agent start_id="3866" goal_id="7132"/>
   <agent start_id="6458" goal_id="9724"/>
   <agent start_id="892" goal_id="1394"/>
   <agent start_id="6390" goal_id="9655"/>
   <agent start_id="2451" goal_id="5717"/>
   <agent start_id="9854" goal_id="10356"/>
   <agent start_id="2757" goal_id="6023"/>
   <agent start_id="3995" goal_id="7261"/>
   <agent start_id="5305" goal_id="5807"/>
   <agent start_id="4301" goal_id="7567"/>
   <agent start_id="1036" goal_id="1539"/>
   <agent start_id="6781" goal_id="9707"/>
   <agent start_id="6172" goal_id="9438"/>
   <agent start_id="1326" goal_id="1828"/>
   <agent start_id="7785" goal_id="11050"/>
   <agent start_id="10289" goal_id="2213"/>
   <agent start_id="5198" goal_id="5701"/>
   <agent start_id="512" goal_id="3777"/>
   <agent start_id="10201" goal_id="2124"/>
   <agent start_id="1656" goal_id="2158"/>
   <agent start_id="8874" goal_id="798"/>
   <agent start_id="9181" goal_id="2362"/>
   <agent start_id="1694" goal_id="2197"/>
   <agent start_id="6026" goal_id="9292"/>
   <agent start_id="9286" goal_id="9788"/>
   <agent start_id="8112" goal_id="36"/>
   <agent start_id="5255" goal_id="8521"/>
   <agent start_id="3836" goal_id="4338"/>
   <agent start_id="4611" goal_id="7877"/>
   <agent start_id="10942" goal_id="2866"/>
   <agent start_id="10761" goal_id="11263"/>
   <agent start_id="9616" goal_id="2798"/>
   <agent start_id="3196" goal_id="2491"/>
   <agent start_id="1988" goal_id="3648"/>
   <agent start_id="4155" goal_id="7421"/>
   <agent start_id="7221" goal_id="403"/>
   <agent start_id="5090" goal_id="5592"/>
   <agent start_id="1781" goal_id="5046"/>
   <agent start_id="10526" goal_id="4513"/>
   <agent start_id="3720" goal_id="6986"/>
   <agent start_id="3520" goal_id="6786"/>
   <agent start_id="8526" goal_id="9028"/>
   <agent start_id="1999" goal_id="5264"/>
   <agent start_id="1325" goal_id="4591"/>
   <agent start_id="8926" goal_id="9428"/>
   <agent start_id="4391" goal_id="7657"/>
   <agent start_id="685" goal_id="9874"/>
   <agent start_id="2224" goal_id="1188"/>
   <agent start_id="11252" goal_id="3176"/>
   <agent start_id="5150" goal_id="8415"/>
   <agent start_id="2167" goal_id="2669"/>
   <agent start_id="4540" goal_id="7806"/>
   <agent start_id="3867" goal_id="7133"/>
   <agent start_id="8272" goal_id="8775"/>
   <agent start_id="11270" goal_id="3194"/>
   <agent start_id="328" goal_id="830"/>
   <agent start_id="513" goal_id="3778"/>
   <agent start_id="10528" goal_id="2452"/>
   <agent start_id="8534" goal_id="9037"/>
   <agent start_id="8728" goal_id="1910"/>
   <agent start_id="3996" goal_id="7262"/>
   <agent start_id="5746" goal_id="6248"/>
   <agent start_id="1690" goal_id="4955"/>
   <agent start_id="8440" goal_id="363"/>
   <agent start_id="3114" goal_id="3617"/>
   <agent start_id="7766" goal_id="948"/>
   <agent start_id="7014" goal_id="7517"/>
   <agent start_id="7698" goal_id="10964"/>
   <agent start_id="8657" goal_id="581"/>
   <agent start_id="5388" goal_id="5890"/>
   <agent start_id="7331" goal_id="513"/>
   <agent start_id="10953" goal_id="113"/>
   <agent start_id="8569" goal_id="492"/>
   <agent start_id="6263" goal_id="9528"/>
   <agent start_id="4236" goal_id="4739"/>
   <agent start_id="8202" goal_id="1383"/>
   <agent start_id="2762" goal_id="6027"/>
   <agent start_id="9224" goal_id="9726"/>
   <agent start_id="7577" goal_id="10842"/>
   <agent start_id="2581" goal_id="5846"/>
   <agent start_id="3653" goal_id="4156"/>
   <agent start_id="9984" goal_id="1907"/>
   <agent start_id="7051" goal_id="7553"/>
   <agent start_id="6586" goal_id="9851"/>
   <agent start_id="6351" goal_id="9617"/>
   <agent start_id="4276" goal_id="9887"/>
   <agent start_id="6936" goal_id="10202"/>
   <agent start_id="5283" goal_id="8549"/>
   <agent start_id="9548" goal_id="10050"/>
   <agent start_id="691" goal_id="3957"/>
   <agent start_id="3268" goal_id="3770"/>
   <agent start_id="9741" goal_id="1665"/>
   <agent start_id="4848" goal_id="8113"/>
   <agent start_id="2144" goal_id="2646"/>
   <agent start_id="5154" goal_id="8419"/>
   <agent start_id="7960" goal_id="8462"/>
   <agent start_id="7371" goal_id="10637"/>
   <agent start_id="6045" goal_id="9310"/>
   <agent start_id="6333" goal_id="6836"/>
   <agent start_id="2759" goal_id="6025"/>
   <agent start_id="4323" goal_id="7589"/>
   <agent start_id="2540" goal_id="3042"/>
   <agent start_id="7008" goal_id="10273"/>
   <agent start_id="411" goal_id="3956"/>
   <agent start_id="7610" goal_id="914"/>
   <agent start_id="1929" goal_id="5194"/>
   <agent start_id="7148" goal_id="10414"/>
   <agent start_id="9744" goal_id="162"/>
   <agent start_id="8005" goal_id="11271"/>
   <agent start_id="7332" goal_id="514"/>
   <agent start_id="2908" goal_id="8518"/>
   <agent start_id="8473" goal_id="10529"/>
   <agent start_id="6784" goal_id="8975"/>
   <agent start_id="7243" goal_id="10509"/>
   <agent start_id="6171" goal_id="9436"/>
   <agent start_id="8539" goal_id="9041"/>
   <agent start_id="2670" goal_id="5936"/>
   <agent start_id="1436" goal_id="4702"/>
   <agent start_id="6744" goal_id="7247"/>
   <agent start_id="3522" goal_id="6788"/>
   <agent start_id="8352" goal_id="276"/>
   <agent start_id="10097" goal_id="10600"/>
   <agent start_id="4413" goal_id="7679"/>
   <agent start_id="3087" goal_id="6352"/>
   <agent start_id="7717" goal_id="8220"/>
   <agent start_id="3671" goal_id="6937"/>
   <agent start_id="2998" goal_id="6264"/>
   <agent start_id="4175" goal_id="4677"/>
   <agent start_id="2325" goal_id="5590"/>
   <agent start_id="6817" goal_id="7319"/>
   <agent start_id="2256" goal_id="5522"/>
   <agent start_id="5442" goal_id="8114"/>
   <agent start_id="6030" goal_id="5944"/>
   <agent start_id="61" goal_id="3327"/>
   <agent start_id="1821" goal_id="5086"/>
   <agent start_id="6236" goal_id="6738"/>
   <agent start_id="168" goal_id="3433"/>
   <agent start_id="10836" goal_id="2760"/>
   <agent start_id="10861" goal_id="22"/>
   <agent start_id="79" goal_id="3345"/>
   <agent start_id="3419" goal_id="3922"/>
   <agent start_id="10095" goal_id="2018"/>
   <agent start_id="1345" goal_id="4611"/>
   <agent start_id="2044" goal_id="2547"/>
   <agent start_id="8095" goal_id="1276"/>
   <agent start_id="5920" goal_id="9186"/>
   <agent start_id="6529" goal_id="7032"/>
   <agent start_id="5247" goal_id="8512"/>
   <agent start_id="841" goal_id="4107"/>
   <agent start_id="205" goal_id="707"/>
   <agent start_id="4505" goal_id="7771"/>
   <agent start_id="3832" goal_id="7097"/>
   <agent start_id="11194" goal_id="354"/>
   <agent start_id="10647" goal_id="11149"/>
   <agent start_id="7316" goal_id="1586"/>
   <agent start_id="5376" goal_id="8641"/>
   <agent start_id="4049" goal_id="7315"/>
   <agent start_id="2125" goal_id="2628"/>
   <agent start_id="5904" goal_id="7232"/>
   <agent start_id="5414" goal_id="8680"/>
   <agent start_id="6389" goal_id="6891"/>
   <agent start_id="6186" goal_id="8006"/>
   <agent start_id="5847" goal_id="10791"/>
   <agent start_id="378" goal_id="3643"/>
   <agent start_id="8897" goal_id="821"/>
   <agent start_id="9165" goal_id="9667"/>
   <agent start_id="8224" goal_id="147"/>
   <agent start_id="5918" goal_id="9183"/>
   <agent start_id="4114" goal_id="4616"/>
   <agent start_id="2257" goal_id="5523"/>
   <agent start_id="5595" goal_id="6097"/>
   <agent start_id="1910" goal_id="5176"/>
   <agent start_id="1237" goal_id="4503"/>
   <agent start_id="5633" goal_id="6136"/>
   <agent start_id="2475" goal_id="7113"/>
   <agent start_id="495" goal_id="3761"/>
   <agent start_id="3756" goal_id="4258"/>
   <agent start_id="9058" goal_id="2239"/>
   <agent start_id="9642" goal_id="1566"/>
   <agent start_id="4156" goal_id="4659"/>
   <agent start_id="10422" goal_id="2346"/>
   <agent start_id="1257" goal_id="1759"/>
   <agent start_id="2599" goal_id="8211"/>
   <agent start_id="1480" goal_id="1983"/>
   <agent start_id="7554" goal_id="10819"/>
   <agent start_id="10078" goal_id="10581"/>
   <agent start_id="8987" goal_id="910"/>
   <agent start_id="8778" goal_id="9280"/>
   <agent start_id="7660" goal_id="842"/>
   <agent start_id="169" goal_id="3434"/>
   <agent start_id="7403" goal_id="7905"/>
   <agent start_id="4812" goal_id="8078"/>
   <agent start_id="5397" goal_id="8663"/>
   <agent start_id="8965" goal_id="9468"/>
   <agent start_id="4724" goal_id="7989"/>
   <agent start_id="10402" goal_id="2325"/>
   <agent start_id="3899" goal_id="4401"/>
   <agent start_id="2232" goal_id="5498"/>
   <agent start_id="5406" goal_id="5908"/>
   <agent start_id="2329" goal_id="5594"/>
   <agent start_id="8007" goal_id="11273"/>
   <agent start_id="2747" goal_id="3249"/>
   <agent start_id="3415" goal_id="6681"/>
   <agent start_id="4653" goal_id="7918"/>
   <agent start_id="8786" goal_id="9289"/>
   <agent start_id="7572" goal_id="10837"/>
   <agent start_id="7878" goal_id="1060"/>
   <agent start_id="1159" goal_id="1661"/>
   <agent start_id="10749" goal_id="2672"/>
   <agent start_id="7789" goal_id="11055"/>
   <agent start_id="8959" goal_id="9461"/>
   <agent start_id="9729" goal_id="2910"/>
   <agent start_id="1823" goal_id="5088"/>
   <agent start_id="1489" goal_id="1991"/>
   <agent start_id="1476" goal_id="4741"/>
   <agent start_id="8970" goal_id="9472"/>
   <agent start_id="11165" goal_id="3088"/>
   <agent start_id="10506" goal_id="2430"/>
   <agent start_id="5297" goal_id="5800"/>
   <agent start_id="10423" goal_id="2347"/>
   <agent start_id="2653" goal_id="5919"/>
   <agent start_id="4052" goal_id="4555"/>
   <agent start_id="10056" goal_id="3238"/>
   <agent start_id="278" goal_id="3544"/>
   <agent start_id="1923" goal_id="2426"/>
   <agent start_id="9314" goal_id="1238"/>
   <agent start_id="8641" goal_id="1823"/>
   <agent start_id="8214" goal_id="8716"/>
   <agent start_id="10205" goal_id="2129"/>
   <agent start_id="476" goal_id="3742"/>
   <agent start_id="5174" goal_id="5676"/>
   <agent start_id="4745" goal_id="8010"/>
   <agent start_id="3844" goal_id="4346"/>
   <agent start_id="11076" goal_id="3000"/>
   <agent start_id="10403" goal_id="2326"/>
   <agent start_id="7196" goal_id="7699"/>
   <agent start_id="5811" goal_id="9076"/>
   <agent start_id="6395" goal_id="9661"/>
   <agent start_id="4816" goal_id="5319"/>
   <agent start_id="2432" goal_id="5697"/>
   <agent start_id="2568" goal_id="5833"/>
   <agent start_id="4965" goal_id="5468"/>
   <agent start_id="2874" goal_id="6140"/>
   <agent start_id="7573" goal_id="10838"/>
   <agent start_id="9983" goal_id="10485"/>
   <agent start_id="2981" goal_id="6246"/>
   <agent start_id="4218" goal_id="7484"/>
   <agent start_id="5938" goal_id="6441"/>
   <agent start_id="6158" goal_id="9423"/>
   <agent start_id="5484" goal_id="8750"/>
   <agent start_id="4563" goal_id="5066"/>
   <agent start_id="8681" goal_id="605"/>
   <agent start_id="4742" goal_id="8008"/>
   <agent start_id="6720" goal_id="3188"/>
   <agent start_id="150" goal_id="3416"/>
   <agent start_id="9971" goal_id="1894"/>
   <agent start_id="4248" goal_id="4751"/>
   <agent start_id="10277" goal_id="2201"/>
   <agent start_id="5266" goal_id="8532"/>
   <agent start_id="9517" goal_id="10019"/>
   <agent start_id="1824" goal_id="3234"/>
   <agent start_id="820" goal_id="4086"/>
   <agent start_id="8580" goal_id="9083"/>
   <agent start_id="6556" goal_id="9821"/>
   <agent start_id="4393" goal_id="4895"/>
   <agent start_id="6161" goal_id="9426"/>
   <agent start_id="3110" goal_id="6375"/>
   <agent start_id="803" goal_id="4069"/>
   <agent start_id="1968" goal_id="2471"/>
   <agent start_id="8207" goal_id="1388"/>
   <agent start_id="5366" goal_id="1368"/>
   <agent start_id="9444" goal_id="6845"/>
   <agent start_id="7138" goal_id="10494"/>
   <agent start_id="9992" goal_id="7733"/>
   <agent start_id="5812" goal_id="9077"/>
   <agent start_id="6396" goal_id="9662"/>
   <agent start_id="8114" goal_id="8617"/>
   <agent start_id="9315" goal_id="1239"/>
   <agent start_id="3548" goal_id="6814"/>
   <agent start_id="95" goal_id="597"/>
   <agent start_id="4981" goal_id="8247"/>
   <agent start_id="8878" goal_id="9381"/>
   <agent start_id="1549" goal_id="4814"/>
   <agent start_id="10175" goal_id="7227"/>
   <agent start_id="1268" goal_id="10677"/>
   <agent start_id="4546" goal_id="7811"/>
   <agent start_id="8771" goal_id="694"/>
   <agent start_id="6128" goal_id="6631"/>
   <agent start_id="718" goal_id="3984"/>
   <agent start_id="45" goal_id="3310"/>
   <agent start_id="6782" goal_id="5664"/>
   <agent start_id="2457" goal_id="5723"/>
   <agent start_id="2764" goal_id="6029"/>
   <agent start_id="1871" goal_id="2373"/>
   <agent start_id="1716" goal_id="6022"/>
   <agent start_id="5519" goal_id="5326"/>
   <agent start_id="1042" goal_id="4308"/>
   <agent start_id="4144" goal_id="6247"/>
   <agent start_id="3033" goal_id="4647"/>
   <agent start_id="4219" goal_id="5624"/>
   <agent start_id="4526" goal_id="7791"/>
   <agent start_id="5252" goal_id="1355"/>
   <agent start_id="3852" goal_id="7118"/>
   <agent start_id="8121" goal_id="45"/>
   <agent start_id="2164" goal_id="2667"/>
   <agent start_id="6468" goal_id="9734"/>
   <agent start_id="4148" goal_id="4651"/>
   <agent start_id="1784" goal_id="5050"/>
   <agent start_id="6706" goal_id="9972"/>
   <agent start_id="4187" goal_id="4689"/>
   <agent start_id="63" goal_id="3328"/>
   <agent start_id="10731" goal_id="2655"/>
   <agent start_id="7288" goal_id="1869"/>
   <agent start_id="10058" goal_id="3240"/>
   <agent start_id="9989" goal_id="1913"/>
   <agent start_id="5411" goal_id="5913"/>
   <agent start_id="2965" goal_id="6230"/>
   <agent start_id="10835" goal_id="11337"/>
   <agent start_id="4529" goal_id="7795"/>
   <agent start_id="3202" goal_id="6468"/>
   <agent start_id="10873" goal_id="34"/>
   <agent start_id="3182" goal_id="2269"/>
   <agent start_id="4942" goal_id="8207"/>
   <agent start_id="5526" goal_id="8792"/>
   <agent start_id="7946" goal_id="8449"/>
   <agent start_id="5506" goal_id="8772"/>
   <agent start_id="3527" goal_id="6792"/>
   <agent start_id="6069" goal_id="6571"/>
   <agent start_id="4111" goal_id="7377"/>
   <agent start_id="3438" goal_id="6704"/>
   <agent start_id="2526" goal_id="3029"/>
   <agent start_id="9296" goal_id="2477"/>
   <agent start_id="6615" goal_id="9881"/>
   <agent start_id="2023" goal_id="5289"/>
   <agent start_id="3291" goal_id="3793"/>
   <agent start_id="3962" goal_id="7228"/>
   <agent start_id="9358" goal_id="9860"/>
   <agent start_id="4547" goal_id="7812"/>
   <agent start_id="10970" goal_id="2894"/>
   <agent start_id="3397" goal_id="3900"/>
   <agent start_id="11277" goal_id="3200"/>
   <agent start_id="1520" goal_id="2152"/>
   <agent start_id="10816" goal_id="2022"/>
   <agent start_id="10535" goal_id="2458"/>
   <agent start_id="7335" goal_id="7838"/>
   <agent start_id="1785" goal_id="5051"/>
   <agent start_id="1717" goal_id="4982"/>
   <agent start_id="5960" goal_id="6463"/>
   <agent start_id="2676" goal_id="5942"/>
   <agent start_id="3635" goal_id="2165"/>
   <agent start_id="1662" goal_id="7211"/>
   <agent start_id="2587" goal_id="5853"/>
   <agent start_id="1261" goal_id="4526"/>
   <agent start_id="8427" goal_id="2697"/>
   <agent start_id="7031" goal_id="10297"/>
   <agent start_id="6358" goal_id="9623"/>
   <agent start_id="6580" goal_id="5035"/>
   <agent start_id="6289" goal_id="9555"/>
   <agent start_id="8882" goal_id="805"/>
   <agent start_id="7555" goal_id="737"/>
   <agent start_id="10769" goal_id="11272"/>
   <agent start_id="8140" goal_id="63"/>
   <agent start_id="3327" goal_id="3829"/>
   <agent start_id="7467" goal_id="10732"/>
   <agent start_id="9406" goal_id="2587"/>
   <agent start_id="1952" goal_id="4832"/>
   <agent start_id="373" goal_id="3639"/>
   <agent start_id="11042" goal_id="2965"/>
   <agent start_id="9516" goal_id="10018"/>
   <agent start_id="2113" goal_id="5378"/>
   <agent start_id="47" goal_id="7221"/>
   <agent start_id="3677" goal_id="6942"/>
   <agent start_id="2024" goal_id="7091"/>
   <agent start_id="6588" goal_id="335"/>
   <agent start_id="1351" goal_id="10991"/>
   <agent start_id="1282" goal_id="5213"/>
   <agent start_id="4711" goal_id="4926"/>
   <agent start_id="8212" goal_id="135"/>
   <agent start_id="8518" goal_id="1700"/>
   <agent start_id="8034" goal_id="8536"/>
   <agent start_id="9951" goal_id="3133"/>
   <agent start_id="3439" goal_id="3626"/>
   <agent start_id="1709" goal_id="11255"/>
   <agent start_id="10842" goal_id="2766"/>
   <agent start_id="8667" goal_id="591"/>
   <agent start_id="4530" goal_id="5032"/>
   <agent start_id="6361" goal_id="9627"/>
   <agent start_id="8447" goal_id="371"/>
   <agent start_id="3955" goal_id="4458"/>
   <agent start_id="7774" goal_id="955"/>
   <agent start_id="7855" goal_id="8358"/>
   <agent start_id="1262" goal_id="4527"/>
   <agent start_id="8241" goal_id="164"/>
   <agent start_id="8200" goal_id="8702"/>
   <agent start_id="4857" goal_id="8123"/>
   <agent start_id="5401" goal_id="5903"/>
   <agent start_id="4184" goal_id="9803"/>
   <agent start_id="1786" goal_id="81"/>
   <agent start_id="10921" goal_id="9238"/>
   <agent start_id="2463" goal_id="5728"/>
   <agent start_id="6508" goal_id="9774"/>
   <agent start_id="8201" goal_id="3090"/>
   <agent start_id="5182" goal_id="8447"/>
   <agent start_id="3529" goal_id="6794"/>
   <agent start_id="1322" goal_id="1825"/>
</root>