<?xml version="1.0" ?>
<root>
   <agent start_id="9235" goal_id="1158"/>
   <agent start_id="4077" goal_id="7343"/>
   <agent start_id="9521" goal_id="2703"/>
   <agent start_id="3527" goal_id="4029"/>
   <agent start_id="5860" goal_id="9126"/>
   <agent start_id="10412" goal_id="2336"/>
   <agent start_id="1901" goal_id="2403"/>
   <agent start_id="4514" goal_id="7779"/>
   <agent start_id="208" goal_id="711"/>
   <agent start_id="614" goal_id="3880"/>
   <agent start_id="4425" goal_id="7691"/>
   <agent start_id="8008" goal_id="8510"/>
   <agent start_id="9630" goal_id="2811"/>
   <agent start_id="3357" goal_id="6622"/>
   <agent start_id="1292" goal_id="1794"/>
   <agent start_id="3663" goal_id="6929"/>
   <agent start_id="7108" goal_id="7610"/>
   <agent start_id="2010" goal_id="5276"/>
   <agent start_id="2595" goal_id="5860"/>
   <agent start_id="391" goal_id="894"/>
   <agent start_id="1921" goal_id="5187"/>
   <agent start_id="1248" goal_id="4514"/>
   <agent start_id="8191" goal_id="8694"/>
   <agent start_id="853" goal_id="4119"/>
   <agent start_id="8917" goal_id="9419"/>
   <agent start_id="180" goal_id="3445"/>
   <agent start_id="8650" goal_id="1832"/>
   <agent start_id="8547" goal_id="9049"/>
   <agent start_id="4336" goal_id="7602"/>
   <agent start_id="9780" goal_id="1704"/>
   <agent start_id="10001" goal_id="10503"/>
   <agent start_id="1357" goal_id="4622"/>
   <agent start_id="962" goal_id="4227"/>
   <agent start_id="8625" goal_id="9128"/>
   <agent start_id="8365" goal_id="289"/>
   <agent start_id="6712" goal_id="9978"/>
   <agent start_id="1407" goal_id="1909"/>
   <agent start_id="7671" goal_id="853"/>
   <agent start_id="5558" goal_id="6060"/>
   <agent start_id="6623" goal_id="9889"/>
   <agent start_id="7583" goal_id="10848"/>
   <agent start_id="758" goal_id="1260"/>
   <agent start_id="6909" goal_id="91"/>
   <agent start_id="4882" goal_id="8147"/>
   <agent start_id="5132" goal_id="5635"/>
   <agent start_id="9032" goal_id="7474"/>
   <agent start_id="820" goal_id="9535"/>
   <agent start_id="2555" goal_id="5821"/>
   <agent start_id="4120" goal_id="5992"/>
   <agent start_id="5275" goal_id="803"/>
   <agent start_id="4099" goal_id="7365"/>
   <agent start_id="1793" goal_id="5059"/>
   <agent start_id="10116" goal_id="10618"/>
   <agent start_id="4990" goal_id="8256"/>
   <agent start_id="4841" goal_id="5343"/>
   <agent start_id="3337" goal_id="6603"/>
   <agent start_id="1031" goal_id="9718"/>
   <agent start_id="9215" goal_id="10887"/>
   <agent start_id="3249" goal_id="6514"/>
   <agent start_id="2575" goal_id="5841"/>
   <agent start_id="5924" goal_id="6427"/>
   <agent start_id="10632" goal_id="2555"/>
   <agent start_id="6399" goal_id="6901"/>
   <agent start_id="1507" goal_id="4773"/>
   <agent start_id="181" goal_id="3446"/>
   <agent start_id="4773" goal_id="5275"/>
   <agent start_id="8890" goal_id="814"/>
   <agent start_id="9196" goal_id="2378"/>
   <agent start_id="9398" goal_id="9901"/>
   <agent start_id="8148" goal_id="72"/>
   <agent start_id="1705" goal_id="2208"/>
   <agent start_id="7475" goal_id="10740"/>
   <agent start_id="6802" goal_id="10067"/>
   <agent start_id="8247" goal_id="8749"/>
   <agent start_id="10652" goal_id="2575"/>
   <agent start_id="8019" goal_id="11285"/>
   <agent start_id="117" goal_id="620"/>
   <agent start_id="6693" goal_id="9958"/>
   <agent start_id="5682" goal_id="6184"/>
   <agent start_id="5645" goal_id="8910"/>
   <agent start_id="4971" goal_id="8237"/>
   <agent start_id="1888" goal_id="2391"/>
   <agent start_id="7563" goal_id="745"/>
   <agent start_id="6291" goal_id="6793"/>
   <agent start_id="3903" goal_id="7168"/>
   <agent start_id="3883" goal_id="7148"/>
   <agent start_id="7491" goal_id="7994"/>
   <agent start_id="5822" goal_id="9087"/>
   <agent start_id="3474" goal_id="3977"/>
   <agent start_id="2161" goal_id="5427"/>
   <agent start_id="3121" goal_id="6386"/>
   <agent start_id="7849" goal_id="8351"/>
   <agent start_id="815" goal_id="4080"/>
   <agent start_id="420" goal_id="3685"/>
   <agent start_id="881" goal_id="1384"/>
   <agent start_id="11088" goal_id="3012"/>
   <agent start_id="4781" goal_id="5284"/>
   <agent start_id="53" goal_id="3318"/>
   <agent start_id="9742" goal_id="2923"/>
   <agent start_id="11323" goal_id="483"/>
   <agent start_id="11306" goal_id="3229"/>
   <agent start_id="5797" goal_id="6299"/>
   <agent start_id="10306" goal_id="2230"/>
   <agent start_id="9633" goal_id="2814"/>
   <agent start_id="8758" goal_id="9260"/>
   <agent start_id="7931" goal_id="11197"/>
   <agent start_id="8891" goal_id="7383"/>
   <agent start_id="6880" goal_id="3808"/>
   <agent start_id="419" goal_id="8611"/>
   <agent start_id="8476" goal_id="399"/>
   <agent start_id="9841" goal_id="10344"/>
   <agent start_id="9762" goal_id="1685"/>
   <agent start_id="6476" goal_id="9741"/>
   <agent start_id="7964" goal_id="8466"/>
   <agent start_id="7061" goal_id="10326"/>
   <agent start_id="522" goal_id="1024"/>
   <agent start_id="3775" goal_id="7040"/>
   <agent start_id="5714" goal_id="8979"/>
   <agent start_id="7064" goal_id="7566"/>
   <agent start_id="4339" goal_id="7605"/>
   <agent start_id="3013" goal_id="6278"/>
   <agent start_id="96" goal_id="599"/>
   <agent start_id="3972" goal_id="7238"/>
   <agent start_id="4247" goal_id="4750"/>
   <agent start_id="1944" goal_id="5210"/>
   <agent start_id="2251" goal_id="5516"/>
   <agent start_id="454" goal_id="956"/>
   <agent start_id="2231" goal_id="5496"/>
   <agent start_id="2815" goal_id="6081"/>
   <agent start_id="5331" goal_id="5833"/>
   <agent start_id="1162" goal_id="4428"/>
   <agent start_id="6057" goal_id="6559"/>
   <agent start_id="489" goal_id="3755"/>
   <agent start_id="2053" goal_id="5319"/>
   <agent start_id="4430" goal_id="4933"/>
   <agent start_id="400" goal_id="3666"/>
   <agent start_id="8456" goal_id="380"/>
   <agent start_id="6889" goal_id="7391"/>
   <agent start_id="7783" goal_id="965"/>
   <agent start_id="9531" goal_id="10033"/>
   <agent start_id="7715" goal_id="10980"/>
   <agent start_id="8674" goal_id="598"/>
   <agent start_id="7905" goal_id="8407"/>
   <agent start_id="6041" goal_id="9307"/>
   <agent start_id="6626" goal_id="9892"/>
   <agent start_id="10614" goal_id="11117"/>
   <agent start_id="5300" goal_id="8565"/>
   <agent start_id="4837" goal_id="5339"/>
   <agent start_id="4626" goal_id="7892"/>
   <agent start_id="5864" goal_id="9130"/>
   <agent start_id="9714" goal_id="132"/>
   <agent start_id="4538" goal_id="7803"/>
   <agent start_id="5195" goal_id="5697"/>
   <agent start_id="4517" goal_id="7783"/>
   <agent start_id="3469" goal_id="10323"/>
   <agent start_id="9820" goal_id="7025"/>
   <agent start_id="2796" goal_id="6062"/>
   <agent start_id="2123" goal_id="5388"/>
   <agent start_id="5020" goal_id="1397"/>
   <agent start_id="1728" goal_id="4993"/>
   <agent start_id="7004" goal_id="7507"/>
   <agent start_id="2687" goal_id="5953"/>
   <agent start_id="381" goal_id="3647"/>
   <agent start_id="2204" goal_id="2706"/>
   <agent start_id="2599" goal_id="5864"/>
   <agent start_id="10655" goal_id="2578"/>
   <agent start_id="6830" goal_id="7332"/>
   <agent start_id="10961" goal_id="2885"/>
   <agent start_id="1837" goal_id="5102"/>
   <agent start_id="5455" goal_id="5957"/>
   <agent start_id="1163" goal_id="4429"/>
   <agent start_id="9873" goal_id="1796"/>
   <agent start_id="8164" goal_id="8667"/>
   <agent start_id="95" goal_id="3360"/>
   <agent start_id="9784" goal_id="1707"/>
   <agent start_id="4622" goal_id="9161"/>
   <agent start_id="7478" goal_id="10743"/>
   <agent start_id="7784" goal_id="966"/>
   <agent start_id="2745" goal_id="3247"/>
   <agent start_id="7389" goal_id="10655"/>
   <agent start_id="6716" goal_id="9981"/>
   <agent start_id="7370" goal_id="7873"/>
   <agent start_id="5063" goal_id="8328"/>
   <agent start_id="5647" goal_id="8913"/>
   <agent start_id="654" goal_id="1157"/>
   <agent start_id="4974" goal_id="8240"/>
   <agent start_id="4554" goal_id="5057"/>
   <agent start_id="4301" goal_id="2326"/>
   <agent start_id="3906" goal_id="9682"/>
   <agent start_id="9180" goal_id="3499"/>
   <agent start_id="3232" goal_id="6498"/>
   <agent start_id="1738" goal_id="2240"/>
   <agent start_id="1906" goal_id="5172"/>
   <agent start_id="2491" goal_id="5756"/>
   <agent start_id="9944" goal_id="363"/>
   <agent start_id="1491" goal_id="4756"/>
   <agent start_id="817" goal_id="4083"/>
   <agent start_id="1563" goal_id="2066"/>
   <agent start_id="1402" goal_id="4668"/>
   <agent start_id="76" goal_id="3341"/>
   <agent start_id="11028" goal_id="188"/>
   <agent start_id="10744" goal_id="2668"/>
   <agent start_id="3586" goal_id="4088"/>
   <agent start_id="10071" goal_id="3253"/>
   <agent start_id="9676" goal_id="1600"/>
   <agent start_id="8211" goal_id="8714"/>
   <agent start_id="9656" goal_id="1579"/>
   <agent start_id="8329" goal_id="1511"/>
   <agent start_id="4669" goal_id="5576"/>
   <agent start_id="8914" goal_id="838"/>
   <agent start_id="7311" goal_id="7813"/>
   <agent start_id="7261" goal_id="10527"/>
   <agent start_id="6588" goal_id="9853"/>
   <agent start_id="1853" goal_id="2355"/>
   <agent start_id="7172" goal_id="10438"/>
   <agent start_id="6499" goal_id="9765"/>
   <agent start_id="8395" goal_id="8897"/>
   <agent start_id="5826" goal_id="9091"/>
   <agent start_id="952" goal_id="1455"/>
   <agent start_id="5431" goal_id="8696"/>
   <agent start_id="4757" goal_id="8023"/>
   <agent start_id="4084" goal_id="7350"/>
   <agent start_id="9478" goal_id="7762"/>
   <agent start_id="2036" goal_id="7934"/>
   <agent start_id="10049" goal_id="2538"/>
   <agent start_id="3016" goal_id="6281"/>
   <agent start_id="2342" goal_id="5608"/>
   <agent start_id="6662" goal_id="7164"/>
   <agent start_id="2927" goal_id="6193"/>
   <agent start_id="1274" goal_id="4540"/>
   <agent start_id="11288" goal_id="448"/>
   <agent start_id="601" goal_id="3866"/>
   <agent start_id="3846" goal_id="4451"/>
   <agent start_id="1185" goal_id="6990"/>
   <agent start_id="1492" goal_id="4757"/>
   <agent start_id="2219" goal_id="2722"/>
   <agent start_id="11181" goal_id="3104"/>
   <agent start_id="423" goal_id="3689"/>
   <agent start_id="6845" goal_id="7347"/>
   <agent start_id="10112" goal_id="2036"/>
   <agent start_id="8786" goal_id="709"/>
   <agent start_id="1794" goal_id="2296"/>
   <agent start_id="8766" goal_id="1947"/>
   <agent start_id="4029" goal_id="4531"/>
   <agent start_id="8697" goal_id="10096"/>
   <agent start_id="8024" goal_id="11289"/>
   <agent start_id="2151" goal_id="2654"/>
   <agent start_id="7024" goal_id="206"/>
   <agent start_id="7609" goal_id="10874"/>
   <agent start_id="3854" goal_id="4357"/>
   <agent start_id="6935" goal_id="10201"/>
   <agent start_id="7754" goal_id="2050"/>
   <agent start_id="4629" goal_id="7895"/>
   <agent start_id="5214" goal_id="8479"/>
   <agent start_id="3961" goal_id="4463"/>
   <agent start_id="4541" goal_id="7806"/>
   <agent start_id="3867" goal_id="7133"/>
   <agent start_id="10502" goal_id="11005"/>
   <agent start_id="5105" goal_id="8371"/>
   <agent start_id="2799" goal_id="6064"/>
   <agent start_id="3786" goal_id="4289"/>
   <agent start_id="2126" goal_id="5391"/>
   <agent start_id="2710" goal_id="5976"/>
   <agent start_id="244" goal_id="746"/>
   <agent start_id="2037" goal_id="5303"/>
   <agent start_id="1364" goal_id="4629"/>
   <agent start_id="6786" goal_id="7288"/>
   <agent start_id="969" goal_id="4234"/>
   <agent start_id="8770" goal_id="9272"/>
   <agent start_id="295" goal_id="3561"/>
   <agent start_id="10311" goal_id="2234"/>
   <agent start_id="6892" goal_id="7394"/>
   <agent start_id="207" goal_id="3472"/>
   <agent start_id="7869" goal_id="8372"/>
   <agent start_id="9896" goal_id="1819"/>
   <agent start_id="9222" goal_id="1146"/>
   <agent start_id="1153" goal_id="1655"/>
   <agent start_id="8549" goal_id="1731"/>
   <agent start_id="9134" goal_id="1057"/>
   <agent start_id="8953" goal_id="9455"/>
   <agent start_id="7807" goal_id="11073"/>
   <agent start_id="6154" goal_id="9420"/>
   <agent start_id="3901" goal_id="4404"/>
   <agent start_id="7392" goal_id="10658"/>
   <agent start_id="6719" goal_id="9984"/>
   <agent start_id="8778" goal_id="9281"/>
   <agent start_id="5392" goal_id="8658"/>
   <agent start_id="4997" goal_id="8263"/>
   <agent start_id="4985" goal_id="5487"/>
   <agent start_id="4324" goal_id="7589"/>
   <agent start_id="4304" goal_id="7569"/>
   <agent start_id="9862" goal_id="10364"/>
   <agent start_id="5868" goal_id="9134"/>
   <agent start_id="8600" goal_id="4838"/>
   <agent start_id="5736" goal_id="9001"/>
   <agent start_id="1909" goal_id="5174"/>
   <agent start_id="8710" goal_id="9213"/>
   <agent start_id="5759" goal_id="9025"/>
   <agent start_id="3453" goal_id="6719"/>
   <agent start_id="5419" goal_id="5922"/>
   <agent start_id="167" goal_id="3433"/>
   <agent start_id="1732" goal_id="4997"/>
   <agent start_id="1626" goal_id="2128"/>
   <agent start_id="1058" goal_id="4324"/>
   <agent start_id="4268" goal_id="4770"/>
   <agent start_id="10747" goal_id="2671"/>
   <agent start_id="10074" goal_id="3255"/>
   <agent start_id="8893" goal_id="9396"/>
   <agent start_id="1451" goal_id="2582"/>
   <agent start_id="9006" goal_id="929"/>
   <agent start_id="3435" goal_id="3938"/>
   <agent start_id="8332" goal_id="1514"/>
   <agent start_id="6077" goal_id="6579"/>
   <agent start_id="9977" goal_id="840"/>
   <agent start_id="7590" goal_id="10856"/>
   <agent start_id="4200" goal_id="4702"/>
   <agent start_id="6591" goal_id="9856"/>
   <agent start_id="7175" goal_id="10441"/>
   <agent start_id="7161" goal_id="7663"/>
   <agent start_id="5849" goal_id="9114"/>
   <agent start_id="5829" goal_id="9094"/>
   <agent start_id="3618" goal_id="4121"/>
   <agent start_id="5760" goal_id="9026"/>
   <agent start_id="9183" goal_id="9685"/>
   <agent start_id="4107" goal_id="7373"/>
   <agent start_id="4087" goal_id="7352"/>
   <agent start_id="802" goal_id="1304"/>
   <agent start_id="5651" goal_id="8917"/>
   <agent start_id="3345" goal_id="6611"/>
   <agent start_id="9008" goal_id="9511"/>
   <agent start_id="2672" goal_id="5937"/>
   <agent start_id="1566" goal_id="2069"/>
   <agent start_id="2277" goal_id="5542"/>
   <agent start_id="1603" goal_id="4869"/>
   <agent start_id="6192" goal_id="6695"/>
   <agent start_id="930" goal_id="4196"/>
   <agent start_id="1515" goal_id="4780"/>
   <agent start_id="2650" goal_id="3152"/>
   <agent start_id="11204" goal_id="3127"/>
   <agent start_id="9877" goal_id="1801"/>
   <agent start_id="8940" goal_id="9443"/>
   <agent start_id="8877" goal_id="2059"/>
   <agent start_id="8002" goal_id="7260"/>
   <agent start_id="10442" goal_id="2365"/>
   <agent start_id="8789" goal_id="712"/>
   <agent start_id="4459" goal_id="4962"/>
   <agent start_id="8115" goal_id="1297"/>
   <agent start_id="8359" goal_id="8862"/>
   <agent start_id="8700" goal_id="624"/>
   <agent start_id="7047" goal_id="10313"/>
   <agent start_id="1643" goal_id="2145"/>
   <agent start_id="6374" goal_id="6045"/>
   <agent start_id="6958" goal_id="10224"/>
   <agent start_id="8185" goal_id="8687"/>
   <agent start_id="5632" goal_id="8898"/>
   <agent start_id="3665" goal_id="4168"/>
   <agent start_id="4959" goal_id="8224"/>
   <agent start_id="5543" goal_id="8809"/>
   <agent start_id="10207" goal_id="10709"/>
   <agent start_id="4543" goal_id="7809"/>
   <agent start_id="3217" goal_id="6483"/>
   <agent start_id="3491" goal_id="3993"/>
   <agent start_id="3802" goal_id="7067"/>
   <agent start_id="7391" goal_id="7893"/>
   <agent start_id="3781" goal_id="7047"/>
   <agent start_id="1475" goal_id="4741"/>
   <agent start_id="675" goal_id="1177"/>
   <agent start_id="3693" goal_id="6958"/>
   <agent start_id="4826" goal_id="5328"/>
   <agent start_id="1387" goal_id="4652"/>
   <agent start_id="713" goal_id="3979"/>
   <agent start_id="1032" goal_id="1535"/>
   <agent start_id="1298" goal_id="4564"/>
   <agent start_id="1278" goal_id="4543"/>
   <agent start_id="5909" goal_id="6412"/>
   <agent start_id="11293" goal_id="3217"/>
   <agent start_id="9640" goal_id="2822"/>
   <agent start_id="858" goal_id="1360"/>
   <agent start_id="2149" goal_id="5762"/>
   <agent start_id="5260" goal_id="163"/>
   <agent start_id="9552" goal_id="1475"/>
   <agent start_id="7899" goal_id="1080"/>
   <agent start_id="9355" goal_id="9886"/>
   <agent start_id="9463" goal_id="1387"/>
   <agent start_id="7810" goal_id="11076"/>
   <agent start_id="5841" goal_id="6344"/>
   <agent start_id="7137" goal_id="318"/>
   <agent start_id="8483" goal_id="8985"/>
   <agent start_id="6742" goal_id="10007"/>
   <agent start_id="6068" goal_id="9334"/>
   <agent start_id="3025" goal_id="3527"/>
   <agent start_id="4742" goal_id="8007"/>
   <agent start_id="9567" goal_id="9245"/>
   <agent start_id="2469" goal_id="10069"/>
   <agent start_id="3674" goal_id="6939"/>
   <agent start_id="3653" goal_id="6919"/>
   <agent start_id="2850" goal_id="3353"/>
   <agent start_id="3585" goal_id="6850"/>
   <agent start_id="2912" goal_id="6177"/>
   <agent start_id="973" goal_id="9143"/>
   <agent start_id="2238" goal_id="5504"/>
   <agent start_id="2496" goal_id="4436"/>
   <agent start_id="3934" goal_id="7996"/>
   <agent start_id="1170" goal_id="10001"/>
   <agent start_id="9499" goal_id="4688"/>
   <agent start_id="497" goal_id="3762"/>
   <agent start_id="1081" goal_id="4347"/>
   <agent start_id="5956" goal_id="6459"/>
   <agent start_id="10770" goal_id="2694"/>
   <agent start_id="11077" goal_id="3000"/>
   <agent start_id="1156" goal_id="1658"/>
   <agent start_id="10077" goal_id="3258"/>
   <agent start_id="10008" goal_id="1932"/>
   <agent start_id="5782" goal_id="6284"/>
   <agent start_id="8355" goal_id="279"/>
   <agent start_id="7766" goal_id="8268"/>
   <agent start_id="8662" goal_id="1843"/>
   <agent start_id="8267" goal_id="190"/>
   <agent start_id="2965" goal_id="3468"/>
   <agent start_id="7593" goal_id="10859"/>
   <agent start_id="5940" goal_id="9206"/>
   <agent start_id="7591" goal_id="8094"/>
   <agent start_id="6525" goal_id="9791"/>
   <agent start_id="149" goal_id="652"/>
   <agent start_id="5852" goal_id="9117"/>
   <agent start_id="5178" goal_id="8444"/>
   <agent start_id="7949" goal_id="8451"/>
   <agent start_id="6743" goal_id="10008"/>
   <agent start_id="4110" goal_id="7376"/>
   <agent start_id="1233" goal_id="1735"/>
   <agent start_id="2784" goal_id="6049"/>
   <agent start_id="10879" goal_id="2803"/>
   <agent start_id="2276" goal_id="2778"/>
   <agent start_id="3348" goal_id="6614"/>
   <agent start_id="332" goal_id="835"/>
   <agent start_id="2022" goal_id="5287"/>
   <agent start_id="1627" goal_id="8383"/>
   <agent start_id="7881" goal_id="2225"/>
   <agent start_id="2586" goal_id="1192"/>
   <agent start_id="10642" goal_id="2566"/>
   <agent start_id="1165" goal_id="1667"/>
   <agent start_id="9969" goal_id="3150"/>
   <agent start_id="5065" goal_id="5567"/>
   <agent start_id="10554" goal_id="2477"/>
   <agent start_id="171" goal_id="3437"/>
   <agent start_id="515" goal_id="1018"/>
   <agent start_id="756" goal_id="4021"/>
   <agent start_id="82" goal_id="3348"/>
   <agent start_id="8315" goal_id="8818"/>
   <agent start_id="9771" goal_id="1695"/>
   <agent start_id="10078" goal_id="3259"/>
   <agent start_id="3515" goal_id="4017"/>
   <agent start_id="7164" goal_id="953"/>
   <agent start_id="6397" goal_id="9662"/>
   <agent start_id="5974" goal_id="6476"/>
   <agent start_id="5724" goal_id="8989"/>
   <agent start_id="4429" goal_id="10376"/>
   <agent start_id="7288" goal_id="10553"/>
   <agent start_id="4982" goal_id="8247"/>
   <agent start_id="7996" goal_id="8498"/>
   <agent start_id="4308" goal_id="7574"/>
   <agent start_id="554" goal_id="1056"/>
   <agent start_id="4567" goal_id="7832"/>
   <agent start_id="3893" goal_id="7159"/>
   <agent start_id="2257" goal_id="2759"/>
   <agent start_id="8073" goal_id="7465"/>
   <agent start_id="3151" goal_id="6417"/>
   <agent start_id="379" goal_id="882"/>
   <agent start_id="3131" goal_id="6397"/>
   <agent start_id="2614" goal_id="3117"/>
   <agent start_id="1805" goal_id="8681"/>
   <agent start_id="3043" goal_id="6308"/>
   <agent start_id="9156" goal_id="9659"/>
   <agent start_id="2369" goal_id="2216"/>
   <agent start_id="1714" goal_id="4961"/>
   <agent start_id="1696" goal_id="6116"/>
   <agent start_id="2934" goal_id="6199"/>
   <agent start_id="3206" goal_id="7093"/>
   <agent start_id="628" goal_id="3893"/>
   <agent start_id="10966" goal_id="126"/>
   <agent start_id="3172" goal_id="8784"/>
   <agent start_id="539" goal_id="3804"/>
   <agent start_id="10228" goal_id="7926"/>
   <agent start_id="7423" goal_id="3155"/>
   <agent start_id="8901" goal_id="825"/>
   <agent start_id="430" goal_id="3696"/>
   <agent start_id="2874" goal_id="3377"/>
   <agent start_id="9466" goal_id="1389"/>
   <agent start_id="6523" goal_id="9816"/>
   <agent start_id="7160" goal_id="10425"/>
   <agent start_id="7140" goal_id="321"/>
   <agent start_id="11149" goal_id="309"/>
   <agent start_id="5874" goal_id="2260"/>
   <agent start_id="7051" goal_id="10316"/>
   <agent start_id="7607" goal_id="8109"/>
   <agent start_id="6378" goal_id="9643"/>
   <agent start_id="164" goal_id="667"/>
   <agent start_id="5329" goal_id="8595"/>
   <agent start_id="3676" goal_id="6942"/>
   <agent start_id="4539" goal_id="5041"/>
</root>