<?xml version="1.0" ?>
<root>
	<map>
		<width>16</width>
		<height>16</height>
		<grid>
			<row>0 0 0 0 0 0 0 0 0 0 0 0 0 0 0 0</row>
			<row>0 0 0 0 0 0 0 0 0 0 0 0 0 0 0 0</row>
			<row>0 0 0 0 0 0 0 0 0 0 0 0 0 0 0 0</row>
			<row>0 0 0 0 0 0 0 0 0 0 0 0 0 0 0 0</row>
			<row>0 0 0 0 0 0 0 0 0 0 0 0 0 0 0 0</row>
			<row>0 0 0 0 0 0 0 0 0 0 0 0 0 0 0 0</row>
			<row>0 0 0 0 0 0 0 0 0 0 0 0 0 0 0 0</row>
			<row>0 0 0 0 0 0 0 0 0 0 0 0 0 0 0 0</row>
			<row>0 0 0 0 0 0 0 0 0 0 0 0 0 0 0 0</row>
			<row>0 0 0 0 0 0 0 0 0 0 0 0 0 0 0 0</row>
			<row>0 0 0 0 0 0 0 0 0 0 0 0 0 0 0 0</row>
			<row>0 0 0 0 0 0 0 0 0 0 0 0 0 0 0 0</row>
			<row>0 0 0 0 0 0 0 0 0 0 0 0 0 0 0 0</row>
			<row>0 0 0 0 0 0 0 0 0 0 0 0 0 0 0 0</row>
			<row>0 0 0 0 0 0 0 0 0 0 0 0 0 0 0 0</row>
			<row>0 0 0 0 0 0 0 0 0 0 0 0 0 0 0 0</row>
		</grid>
	</map>
</root>