<?xml version="1.0" ?>
<root>
	<agent id="0" start_j="29" start_i="15" goal_j="26" goal_i="7"/>
	<agent id="1" start_j="20" start_i="16" goal_j="24" goal_i="3"/>
	<agent id="2" start_j="24" start_i="11" goal_j="5" goal_i="18"/>
	<agent id="3" start_j="20" start_i="24" goal_j="1" goal_i="11"/>
	<agent id="4" start_j="21" start_i="19" goal_j="24" goal_i="27"/>
	<agent id="5" start_j="30" start_i="9" goal_j="15" goal_i="12"/>
	<agent id="6" start_j="20" start_i="6" goal_j="2" goal_i="24"/>
	<agent id="7" start_j="19" start_i="21" goal_j="9" goal_i="7"/>
	<agent id="8" start_j="18" start_i="26" goal_j="11" goal_i="17"/>
	<agent id="9" start_j="30" start_i="23" goal_j="3" goal_i="21"/>
	<agent id="10" start_j="7" start_i="30" goal_j="18" goal_i="1"/>
	<agent id="11" start_j="12" start_i="19" goal_j="19" goal_i="16"/>
	<agent id="12" start_j="22" start_i="8" goal_j="11" goal_i="22"/>
	<agent id="13" start_j="17" start_i="23" goal_j="5" goal_i="13"/>
	<agent id="14" start_j="4" start_i="16" goal_j="31" goal_i="4"/>
	<agent id="15" start_j="22" start_i="14" goal_j="27" goal_i="26"/>
	<agent id="16" start_j="2" start_i="3" goal_j="27" goal_i="13"/>
	<agent id="17" start_j="28" start_i="22" goal_j="12" goal_i="18"/>
	<agent id="18" start_j="22" start_i="20" goal_j="21" goal_i="28"/>
	<agent id="19" start_j="3" start_i="12" goal_j="18" goal_i="13"/>
	<agent id="20" start_j="22" start_i="1" goal_j="6" goal_i="19"/>
	<agent id="21" start_j="16" start_i="3" goal_j="14" goal_i="29"/>
	<agent id="22" start_j="9" start_i="21" goal_j="8" goal_i="13"/>
	<agent id="23" start_j="15" start_i="8" goal_j="1" goal_i="27"/>
	<agent id="24" start_j="17" start_i="8" goal_j="19" goal_i="6"/>
	<agent id="25" start_j="31" start_i="21" goal_j="22" goal_i="10"/>
	<agent id="26" start_j="18" start_i="14" goal_j="31" goal_i="11"/>
	<agent id="27" start_j="19" start_i="31" goal_j="24" goal_i="19"/>
	<agent id="28" start_j="24" start_i="20" goal_j="28" goal_i="9"/>
	<agent id="29" start_j="3" start_i="22" goal_j="12" goal_i="4"/>
	<agent id="30" start_j="16" start_i="23" goal_j="31" goal_i="18"/>
	<agent id="31" start_j="8" start_i="24" goal_j="4" goal_i="20"/>
	<agent id="32" start_j="22" start_i="29" goal_j="18" goal_i="21"/>
	<agent id="33" start_j="28" start_i="19" goal_j="3" goal_i="23"/>
	<agent id="34" start_j="1" start_i="21" goal_j="9" goal_i="14"/>
	<agent id="35" start_j="23" start_i="23" goal_j="26" goal_i="29"/>
	<agent id="36" start_j="4" start_i="27" goal_j="3" goal_i="13"/>
	<agent id="37" start_j="13" start_i="23" goal_j="9" goal_i="4"/>
	<agent id="38" start_j="22" start_i="31" goal_j="26" goal_i="11"/>
	<agent id="39" start_j="17" start_i="18" goal_j="15" goal_i="27"/>
	<agent id="40" start_j="17" start_i="14" goal_j="15" goal_i="16"/>
	<agent id="41" start_j="2" start_i="25" goal_j="7" goal_i="3"/>
	<agent id="42" start_j="3" start_i="28" goal_j="21" goal_i="1"/>
	<agent id="43" start_j="13" start_i="1" goal_j="28" goal_i="24"/>
	<agent id="44" start_j="29" start_i="24" goal_j="11" goal_i="5"/>
	<agent id="45" start_j="18" start_i="3" goal_j="4" goal_i="24"/>
	<agent id="46" start_j="10" start_i="2" goal_j="10" goal_i="19"/>
	<agent id="47" start_j="31" start_i="8" goal_j="21" goal_i="3"/>
	<agent id="48" start_j="15" start_i="4" goal_j="3" goal_i="20"/>
	<agent id="49" start_j="17" start_i="16" goal_j="27" goal_i="9"/>
	<agent id="50" start_j="24" start_i="24" goal_j="12" goal_i="29"/>
	<agent id="51" start_j="28" start_i="2" goal_j="27" goal_i="22"/>
	<agent id="52" start_j="9" start_i="1" goal_j="14" goal_i="2"/>
	<agent id="53" start_j="18" start_i="6" goal_j="18" goal_i="10"/>
	<agent id="54" start_j="8" start_i="4" goal_j="7" goal_i="2"/>
	<agent id="55" start_j="4" start_i="2" goal_j="3" goal_i="18"/>
	<agent id="56" start_j="8" start_i="14" goal_j="26" goal_i="28"/>
	<agent id="57" start_j="19" start_i="13" goal_j="28" goal_i="4"/>
	<agent id="58" start_j="22" start_i="16" goal_j="31" goal_i="22"/>
	<agent id="59" start_j="23" start_i="27" goal_j="2" goal_i="18"/>
	<agent id="60" start_j="9" start_i="16" goal_j="16" goal_i="9"/>
	<agent id="61" start_j="16" start_i="8" goal_j="22" goal_i="19"/>
	<agent id="62" start_j="1" start_i="9" goal_j="22" goal_i="13"/>
	<agent id="63" start_j="14" start_i="28" goal_j="19" goal_i="8"/>
	<agent id="64" start_j="12" start_i="16" goal_j="20" goal_i="21"/>
	<agent id="65" start_j="22" start_i="2" goal_j="19" goal_i="11"/>
	<agent id="66" start_j="31" start_i="7" goal_j="20" goal_i="23"/>
	<agent id="67" start_j="26" start_i="14" goal_j="19" goal_i="2"/>
	<agent id="68" start_j="10" start_i="17" goal_j="21" goal_i="22"/>
	<agent id="69" start_j="25" start_i="26" goal_j="10" goal_i="18"/>
	<agent id="70" start_j="31" start_i="1" goal_j="30" goal_i="24"/>
	<agent id="71" start_j="5" start_i="31" goal_j="7" goal_i="8"/>
	<agent id="72" start_j="11" start_i="9" goal_j="19" goal_i="27"/>
	<agent id="73" start_j="22" start_i="22" goal_j="7" goal_i="17"/>
	<agent id="74" start_j="2" start_i="5" goal_j="31" goal_i="29"/>
	<agent id="75" start_j="28" start_i="7" goal_j="21" goal_i="14"/>
	<agent id="76" start_j="16" start_i="19" goal_j="21" goal_i="8"/>
	<agent id="77" start_j="13" start_i="24" goal_j="11" goal_i="25"/>
	<agent id="78" start_j="22" start_i="9" goal_j="3" goal_i="5"/>
	<agent id="79" start_j="1" start_i="20" goal_j="16" goal_i="24"/>
	<agent id="80" start_j="14" start_i="3" goal_j="15" goal_i="17"/>
	<agent id="81" start_j="8" start_i="7" goal_j="1" goal_i="28"/>
	<agent id="82" start_j="20" start_i="31" goal_j="2" goal_i="23"/>
	<agent id="83" start_j="17" start_i="29" goal_j="13" goal_i="31"/>
	<agent id="84" start_j="30" start_i="3" goal_j="9" goal_i="18"/>
	<agent id="85" start_j="2" start_i="19" goal_j="2" goal_i="15"/>
	<agent id="86" start_j="1" start_i="23" goal_j="7" goal_i="14"/>
	<agent id="87" start_j="29" start_i="27" goal_j="4" goal_i="14"/>
	<agent id="88" start_j="7" start_i="4" goal_j="4" goal_i="26"/>
	<agent id="89" start_j="24" start_i="10" goal_j="2" goal_i="31"/>
	<agent id="90" start_j="26" start_i="12" goal_j="15" goal_i="31"/>
	<agent id="91" start_j="19" start_i="28" goal_j="12" goal_i="28"/>
	<agent id="92" start_j="3" start_i="16" goal_j="31" goal_i="23"/>
	<agent id="93" start_j="27" start_i="16" goal_j="6" goal_i="25"/>
	<agent id="94" start_j="14" start_i="22" goal_j="5" goal_i="21"/>
	<agent id="95" start_j="9" start_i="12" goal_j="30" goal_i="13"/>
	<agent id="96" start_j="25" start_i="28" goal_j="1" goal_i="3"/>
	<agent id="97" start_j="19" start_i="12" goal_j="17" goal_i="19"/>
	<agent id="98" start_j="12" start_i="13" goal_j="31" goal_i="16"/>
	<agent id="99" start_j="3" start_i="27" goal_j="31" goal_i="26"/>
	<agent id="100" start_j="5" start_i="23" goal_j="23" goal_i="24"/>
	<agent id="101" start_j="23" start_i="28" goal_j="31" goal_i="17"/>
	<agent id="102" start_j="23" start_i="8" goal_j="26" goal_i="26"/>
	<agent id="103" start_j="19" start_i="26" goal_j="18" goal_i="28"/>
	<agent id="104" start_j="29" start_i="13" goal_j="29" goal_i="14"/>
	<agent id="105" start_j="30" start_i="2" goal_j="9" goal_i="8"/>
	<agent id="106" start_j="16" start_i="17" goal_j="23" goal_i="14"/>
	<agent id="107" start_j="24" start_i="21" goal_j="17" goal_i="7"/>
	<agent id="108" start_j="5" start_i="24" goal_j="12" goal_i="7"/>
	<agent id="109" start_j="31" start_i="31" goal_j="29" goal_i="8"/>
	<agent id="110" start_j="31" start_i="24" goal_j="22" goal_i="3"/>
	<agent id="111" start_j="13" start_i="4" goal_j="12" goal_i="8"/>
	<agent id="112" start_j="9" start_i="25" goal_j="11" goal_i="24"/>
	<agent id="113" start_j="4" start_i="21" goal_j="30" goal_i="6"/>
	<agent id="114" start_j="23" start_i="4" goal_j="4" goal_i="9"/>
	<agent id="115" start_j="22" start_i="11" goal_j="26" goal_i="22"/>
	<agent id="116" start_j="6" start_i="6" goal_j="18" goal_i="12"/>
	<agent id="117" start_j="14" start_i="12" goal_j="6" goal_i="30"/>
	<agent id="118" start_j="2" start_i="2" goal_j="2" goal_i="1"/>
	<agent id="119" start_j="2" start_i="21" goal_j="8" goal_i="31"/>
	<agent id="120" start_j="6" start_i="27" goal_j="14" goal_i="6"/>
	<agent id="121" start_j="15" start_i="28" goal_j="28" goal_i="12"/>
	<agent id="122" start_j="8" start_i="21" goal_j="24" goal_i="17"/>
	<agent id="123" start_j="19" start_i="22" goal_j="8" goal_i="12"/>
	<agent id="124" start_j="6" start_i="1" goal_j="29" goal_i="17"/>
	<agent id="125" start_j="1" start_i="5" goal_j="15" goal_i="29"/>
	<agent id="126" start_j="16" start_i="22" goal_j="17" goal_i="24"/>
	<agent id="127" start_j="16" start_i="28" goal_j="26" goal_i="23"/>
	<agent id="128" start_j="5" start_i="16" goal_j="27" goal_i="3"/>
	<agent id="129" start_j="11" start_i="14" goal_j="21" goal_i="24"/>
	<agent id="130" start_j="11" start_i="13" goal_j="11" goal_i="2"/>
	<agent id="131" start_j="27" start_i="18" goal_j="23" goal_i="13"/>
	<agent id="132" start_j="21" start_i="12" goal_j="13" goal_i="2"/>
	<agent id="133" start_j="8" start_i="26" goal_j="11" goal_i="8"/>
	<agent id="134" start_j="11" start_i="19" goal_j="12" goal_i="25"/>
	<agent id="135" start_j="22" start_i="5" goal_j="9" goal_i="6"/>
	<agent id="136" start_j="3" start_i="1" goal_j="12" goal_i="6"/>
	<agent id="137" start_j="23" start_i="26" goal_j="30" goal_i="7"/>
	<agent id="138" start_j="29" start_i="19" goal_j="21" goal_i="4"/>
	<agent id="139" start_j="18" start_i="8" goal_j="13" goal_i="19"/>
	<agent id="140" start_j="29" start_i="31" goal_j="7" goal_i="6"/>
	<agent id="141" start_j="20" start_i="27" goal_j="4" goal_i="4"/>
	<agent id="142" start_j="22" start_i="28" goal_j="12" goal_i="22"/>
	<agent id="143" start_j="9" start_i="2" goal_j="24" goal_i="2"/>
	<agent id="144" start_j="14" start_i="9" goal_j="15" goal_i="3"/>
	<agent id="145" start_j="2" start_i="11" goal_j="30" goal_i="27"/>
	<agent id="146" start_j="30" start_i="11" goal_j="7" goal_i="11"/>
	<agent id="147" start_j="14" start_i="1" goal_j="27" goal_i="4"/>
	<agent id="148" start_j="26" start_i="27" goal_j="17" goal_i="11"/>
	<agent id="149" start_j="7" start_i="16" goal_j="25" goal_i="29"/>
	<agent id="150" start_j="24" start_i="26" goal_j="3" goal_i="24"/>
	<agent id="151" start_j="7" start_i="31" goal_j="11" goal_i="29"/>
	<agent id="152" start_j="18" start_i="18" goal_j="16" goal_i="6"/>
	<agent id="153" start_j="26" start_i="15" goal_j="10" goal_i="12"/>
	<agent id="154" start_j="11" start_i="6" goal_j="28" goal_i="14"/>
	<agent id="155" start_j="27" start_i="23" goal_j="21" goal_i="11"/>
	<agent id="156" start_j="26" start_i="31" goal_j="16" goal_i="2"/>
	<agent id="157" start_j="14" start_i="23" goal_j="14" goal_i="18"/>
	<agent id="158" start_j="2" start_i="4" goal_j="10" goal_i="14"/>
	<agent id="159" start_j="9" start_i="29" goal_j="12" goal_i="23"/>
	<agent id="160" start_j="26" start_i="6" goal_j="16" goal_i="31"/>
	<agent id="161" start_j="28" start_i="31" goal_j="14" goal_i="7"/>
	<agent id="162" start_j="13" start_i="22" goal_j="4" goal_i="17"/>
	<agent id="163" start_j="20" start_i="7" goal_j="7" goal_i="19"/>
	<agent id="164" start_j="4" start_i="18" goal_j="14" goal_i="16"/>
	<agent id="165" start_j="3" start_i="29" goal_j="13" goal_i="5"/>
	<agent id="166" start_j="27" start_i="29" goal_j="28" goal_i="3"/>
	<agent id="167" start_j="23" start_i="9" goal_j="12" goal_i="11"/>
	<agent id="168" start_j="24" start_i="23" goal_j="5" goal_i="3"/>
	<agent id="169" start_j="5" start_i="6" goal_j="29" goal_i="26"/>
	<agent id="170" start_j="2" start_i="22" goal_j="19" goal_i="14"/>
	<agent id="171" start_j="2" start_i="16" goal_j="11" goal_i="18"/>
	<agent id="172" start_j="9" start_i="26" goal_j="28" goal_i="27"/>
	<agent id="173" start_j="27" start_i="31" goal_j="15" goal_i="2"/>
	<agent id="174" start_j="21" start_i="13" goal_j="12" goal_i="17"/>
	<agent id="175" start_j="24" start_i="13" goal_j="6" goal_i="17"/>
	<agent id="176" start_j="13" start_i="7" goal_j="21" goal_i="17"/>
	<agent id="177" start_j="6" start_i="13" goal_j="29" goal_i="21"/>
	<agent id="178" start_j="1" start_i="12" goal_j="1" goal_i="4"/>
	<agent id="179" start_j="25" start_i="9" goal_j="23" goal_i="10"/>
	<agent id="180" start_j="7" start_i="7" goal_j="21" goal_i="7"/>
	<agent id="181" start_j="18" start_i="7" goal_j="1" goal_i="26"/>
	<agent id="182" start_j="6" start_i="18" goal_j="17" goal_i="12"/>
	<agent id="183" start_j="24" start_i="7" goal_j="17" goal_i="26"/>
	<agent id="184" start_j="17" start_i="3" goal_j="15" goal_i="14"/>
	<agent id="185" start_j="28" start_i="6" goal_j="9" goal_i="27"/>
	<agent id="186" start_j="16" start_i="4" goal_j="11" goal_i="7"/>
	<agent id="187" start_j="1" start_i="24" goal_j="27" goal_i="19"/>
	<agent id="188" start_j="29" start_i="18" goal_j="28" goal_i="8"/>
	<agent id="189" start_j="1" start_i="22" goal_j="14" goal_i="26"/>
	<agent id="190" start_j="30" start_i="8" goal_j="10" goal_i="4"/>
	<agent id="191" start_j="22" start_i="24" goal_j="31" goal_i="12"/>
	<agent id="192" start_j="5" start_i="4" goal_j="23" goal_i="2"/>
	<agent id="193" start_j="14" start_i="21" goal_j="29" goal_i="23"/>
	<agent id="194" start_j="6" start_i="12" goal_j="3" goal_i="19"/>
	<agent id="195" start_j="21" start_i="10" goal_j="16" goal_i="14"/>
	<agent id="196" start_j="6" start_i="23" goal_j="31" goal_i="28"/>
	<agent id="197" start_j="4" start_i="25" goal_j="23" goal_i="11"/>
	<agent id="198" start_j="29" start_i="4" goal_j="16" goal_i="11"/>
	<agent id="199" start_j="6" start_i="31" goal_j="20" goal_i="8"/>
	<agent id="200" start_j="19" start_i="3" goal_j="19" goal_i="23"/>
	<agent id="201" start_j="19" start_i="7" goal_j="23" goal_i="20"/>
	<agent id="202" start_j="29" start_i="28" goal_j="19" goal_i="18"/>
	<agent id="203" start_j="6" start_i="7" goal_j="21" goal_i="18"/>
	<agent id="204" start_j="13" start_i="16" goal_j="8" goal_i="11"/>
	<agent id="205" start_j="15" start_i="7" goal_j="28" goal_i="28"/>
	<agent id="206" start_j="5" start_i="11" goal_j="1" goal_i="29"/>
	<agent id="207" start_j="23" start_i="1" goal_j="7" goal_i="9"/>
	<agent id="208" start_j="31" start_i="2" goal_j="8" goal_i="28"/>
	<agent id="209" start_j="17" start_i="13" goal_j="31" goal_i="27"/>
	<agent id="210" start_j="6" start_i="28" goal_j="6" goal_i="24"/>
	<agent id="211" start_j="31" start_i="9" goal_j="1" goal_i="16"/>
	<agent id="212" start_j="21" start_i="29" goal_j="31" goal_i="19"/>
	<agent id="213" start_j="6" start_i="29" goal_j="12" goal_i="12"/>
	<agent id="214" start_j="31" start_i="5" goal_j="25" goal_i="7"/>
	<agent id="215" start_j="15" start_i="6" goal_j="26" goal_i="30"/>
	<agent id="216" start_j="6" start_i="8" goal_j="11" goal_i="23"/>
	<agent id="217" start_j="25" start_i="17" goal_j="19" goal_i="4"/>
	<agent id="218" start_j="20" start_i="29" goal_j="9" goal_i="24"/>
	<agent id="219" start_j="17" start_i="4" goal_j="30" goal_i="14"/>
	<agent id="220" start_j="13" start_i="26" goal_j="23" goal_i="19"/>
	<agent id="221" start_j="4" start_i="15" goal_j="18" goal_i="19"/>
	<agent id="222" start_j="2" start_i="28" goal_j="6" goal_i="4"/>
	<agent id="223" start_j="29" start_i="12" goal_j="10" goal_i="1"/>
	<agent id="224" start_j="22" start_i="6" goal_j="8" goal_i="6"/>
	<agent id="225" start_j="30" start_i="12" goal_j="21" goal_i="2"/>
	<agent id="226" start_j="29" start_i="9" goal_j="27" goal_i="24"/>
	<agent id="227" start_j="29" start_i="29" goal_j="12" goal_i="5"/>
	<agent id="228" start_j="24" start_i="16" goal_j="26" goal_i="18"/>
	<agent id="229" start_j="22" start_i="27" goal_j="13" goal_i="8"/>
	<agent id="230" start_j="16" start_i="21" goal_j="7" goal_i="21"/>
	<agent id="231" start_j="22" start_i="23" goal_j="17" goal_i="21"/>
	<agent id="232" start_j="13" start_i="14" goal_j="11" goal_i="26"/>
	<agent id="233" start_j="9" start_i="28" goal_j="8" goal_i="2"/>
	<agent id="234" start_j="15" start_i="26" goal_j="17" goal_i="9"/>
	<agent id="235" start_j="24" start_i="9" goal_j="12" goal_i="1"/>
	<agent id="236" start_j="8" start_i="30" goal_j="28" goal_i="1"/>
	<agent id="237" start_j="12" start_i="24" goal_j="6" goal_i="14"/>
	<agent id="238" start_j="7" start_i="18" goal_j="26" goal_i="13"/>
	<agent id="239" start_j="14" start_i="17" goal_j="6" goal_i="21"/>
	<agent id="240" start_j="24" start_i="4" goal_j="5" goal_i="17"/>
	<agent id="241" start_j="24" start_i="12" goal_j="8" goal_i="16"/>
	<agent id="242" start_j="9" start_i="3" goal_j="14" goal_i="11"/>
	<agent id="243" start_j="7" start_i="25" goal_j="26" goal_i="8"/>
	<agent id="244" start_j="30" start_i="29" goal_j="1" goal_i="31"/>
	<agent id="245" start_j="20" start_i="26" goal_j="7" goal_i="26"/>
	<agent id="246" start_j="9" start_i="9" goal_j="11" goal_i="31"/>
	<agent id="247" start_j="9" start_i="22" goal_j="28" goal_i="13"/>
	<agent id="248" start_j="2" start_i="8" goal_j="17" goal_i="22"/>
	<agent id="249" start_j="23" start_i="31" goal_j="21" goal_i="26"/>
	<agent id="250" start_j="30" start_i="22" goal_j="18" goal_i="29"/>
	<agent id="251" start_j="24" start_i="31" goal_j="14" goal_i="5"/>
	<agent id="252" start_j="19" start_i="10" goal_j="20" goal_i="9"/>
	<agent id="253" start_j="18" start_i="17" goal_j="2" goal_i="27"/>
	<agent id="254" start_j="15" start_i="11" goal_j="10" goal_i="13"/>
	<agent id="255" start_j="31" start_i="25" goal_j="8" goal_i="27"/>
	<agent id="256" start_j="7" start_i="24" goal_j="11" goal_i="1"/>
	<agent id="257" start_j="1" start_i="8" goal_j="1" goal_i="13"/>
	<agent id="258" start_j="18" start_i="2" goal_j="23" goal_i="17"/>
	<agent id="259" start_j="13" start_i="9" goal_j="1" goal_i="17"/>
	<agent id="260" start_j="26" start_i="24" goal_j="6" goal_i="16"/>
	<agent id="261" start_j="6" start_i="9" goal_j="13" goal_i="13"/>
	<agent id="262" start_j="12" start_i="21" goal_j="28" goal_i="23"/>
	<agent id="263" start_j="5" start_i="2" goal_j="9" goal_i="11"/>
	<agent id="264" start_j="27" start_i="27" goal_j="26" goal_i="3"/>
	<agent id="265" start_j="23" start_i="7" goal_j="23" goal_i="18"/>
	<agent id="266" start_j="3" start_i="15" goal_j="29" goal_i="22"/>
	<agent id="267" start_j="21" start_i="31" goal_j="12" goal_i="9"/>
	<agent id="268" start_j="19" start_i="17" goal_j="8" goal_i="9"/>
	<agent id="269" start_j="11" start_i="21" goal_j="24" goal_i="28"/>
	<agent id="270" start_j="14" start_i="14" goal_j="11" goal_i="3"/>
	<agent id="271" start_j="21" start_i="21" goal_j="11" goal_i="27"/>
	<agent id="272" start_j="6" start_i="26" goal_j="15" goal_i="13"/>
	<agent id="273" start_j="27" start_i="21" goal_j="30" goal_i="4"/>
	<agent id="274" start_j="29" start_i="11" goal_j="14" goal_i="8"/>
	<agent id="275" start_j="14" start_i="24" goal_j="25" goal_i="18"/>
	<agent id="276" start_j="11" start_i="28" goal_j="22" goal_i="26"/>
	<agent id="277" start_j="12" start_i="26" goal_j="23" goal_i="21"/>
	<agent id="278" start_j="12" start_i="3" goal_j="29" goal_i="16"/>
	<agent id="279" start_j="7" start_i="28" goal_j="21" goal_i="27"/>
	<agent id="280" start_j="2" start_i="7" goal_j="22" goal_i="4"/>
	<agent id="281" start_j="18" start_i="4" goal_j="28" goal_i="11"/>
	<agent id="282" start_j="19" start_i="24" goal_j="23" goal_i="3"/>
	<agent id="283" start_j="4" start_i="19" goal_j="16" goal_i="18"/>
	<agent id="284" start_j="7" start_i="12" goal_j="13" goal_i="11"/>
	<agent id="285" start_j="19" start_i="19" goal_j="8" goal_i="8"/>
	<agent id="286" start_j="6" start_i="2" goal_j="17" goal_i="27"/>
	<agent id="287" start_j="12" start_i="27" goal_j="25" goal_i="27"/>
	<agent id="288" start_j="6" start_i="11" goal_j="24" goal_i="6"/>
	<agent id="289" start_j="17" start_i="6" goal_j="17" goal_i="2"/>
	<agent id="290" start_j="21" start_i="20" goal_j="7" goal_i="1"/>
	<agent id="291" start_j="24" start_i="18" goal_j="8" goal_i="25"/>
	<agent id="292" start_j="18" start_i="27" goal_j="16" goal_i="10"/>
	<agent id="293" start_j="17" start_i="17" goal_j="5" goal_i="9"/>
	<agent id="294" start_j="15" start_i="9" goal_j="16" goal_i="13"/>
	<agent id="295" start_j="28" start_i="26" goal_j="23" goal_i="6"/>
	<agent id="296" start_j="17" start_i="28" goal_j="10" goal_i="31"/>
	<agent id="297" start_j="25" start_i="8" goal_j="15" goal_i="1"/>
	<agent id="298" start_j="1" start_i="25" goal_j="4" goal_i="7"/>
	<agent id="299" start_j="18" start_i="22" goal_j="14" goal_i="4"/>
	<agent id="300" start_j="27" start_i="28" goal_j="13" goal_i="21"/>
	<agent id="301" start_j="21" start_i="5" goal_j="19" goal_i="29"/>
	<agent id="302" start_j="7" start_i="27" goal_j="16" goal_i="7"/>
	<agent id="303" start_j="31" start_i="6" goal_j="28" goal_i="18"/>
	<agent id="304" start_j="15" start_i="18" goal_j="4" goal_i="29"/>
	<agent id="305" start_j="2" start_i="26" goal_j="30" goal_i="1"/>
	<agent id="306" start_j="21" start_i="16" goal_j="26" goal_i="4"/>
	<agent id="307" start_j="16" start_i="12" goal_j="4" goal_i="31"/>
	<agent id="308" start_j="27" start_i="15" goal_j="13" goal_i="17"/>
	<agent id="309" start_j="4" start_i="5" goal_j="1" goal_i="2"/>
	<agent id="310" start_j="22" start_i="12" goal_j="19" goal_i="9"/>
	<agent id="311" start_j="27" start_i="2" goal_j="28" goal_i="21"/>
	<agent id="312" start_j="17" start_i="31" goal_j="4" goal_i="6"/>
	<agent id="313" start_j="23" start_i="29" goal_j="28" goal_i="29"/>
	<agent id="314" start_j="2" start_i="29" goal_j="30" goal_i="26"/>
	<agent id="315" start_j="9" start_i="30" goal_j="3" goal_i="11"/>
	<agent id="316" start_j="26" start_i="21" goal_j="20" goal_i="18"/>
	<agent id="317" start_j="24" start_i="8" goal_j="8" goal_i="18"/>
	<agent id="318" start_j="2" start_i="20" goal_j="21" goal_i="6"/>
	<agent id="319" start_j="28" start_i="30" goal_j="4" goal_i="12"/>
	<agent id="320" start_j="25" start_i="19" goal_j="20" goal_i="28"/>
	<agent id="321" start_j="26" start_i="9" goal_j="3" goal_i="8"/>
	<agent id="322" start_j="25" start_i="6" goal_j="26" goal_i="16"/>
	<agent id="323" start_j="27" start_i="1" goal_j="26" goal_i="2"/>
	<agent id="324" start_j="20" start_i="19" goal_j="8" goal_i="17"/>
	<agent id="325" start_j="7" start_i="13" goal_j="18" goal_i="16"/>
	<agent id="326" start_j="23" start_i="5" goal_j="28" goal_i="17"/>
	<agent id="327" start_j="8" start_i="22" goal_j="13" goal_i="29"/>
	<agent id="328" start_j="21" start_i="9" goal_j="1" goal_i="15"/>
	<agent id="329" start_j="6" start_i="3" goal_j="3" goal_i="17"/>
	<agent id="330" start_j="27" start_i="8" goal_j="4" goal_i="13"/>
	<agent id="331" start_j="5" start_i="14" goal_j="14" goal_i="27"/>
	<agent id="332" start_j="18" start_i="31" goal_j="13" goal_i="12"/>
	<agent id="333" start_j="7" start_i="23" goal_j="27" goal_i="6"/>
	<agent id="334" start_j="5" start_i="19" goal_j="26" goal_i="17"/>
	<agent id="335" start_j="3" start_i="9" goal_j="3" goal_i="7"/>
	<agent id="336" start_j="7" start_i="22" goal_j="3" goal_i="14"/>
	<agent id="337" start_j="29" start_i="30" goal_j="8" goal_i="19"/>
	<agent id="338" start_j="13" start_i="18" goal_j="3" goal_i="25"/>
	<agent id="339" start_j="2" start_i="12" goal_j="11" goal_i="4"/>
	<agent id="340" start_j="28" start_i="16" goal_j="12" goal_i="14"/>
	<agent id="341" start_j="31" start_i="13" goal_j="2" goal_i="6"/>
	<agent id="342" start_j="14" start_i="25" goal_j="8" goal_i="1"/>
	<agent id="343" start_j="23" start_i="22" goal_j="3" goal_i="4"/>
	<agent id="344" start_j="4" start_i="3" goal_j="16" goal_i="29"/>
	<agent id="345" start_j="30" start_i="28" goal_j="4" goal_i="11"/>
	<agent id="346" start_j="23" start_i="16" goal_j="18" goal_i="24"/>
	<agent id="347" start_j="10" start_i="3" goal_j="1" goal_i="6"/>
	<agent id="348" start_j="4" start_i="8" goal_j="29" goal_i="3"/>
	<agent id="349" start_j="29" start_i="7" goal_j="24" goal_i="1"/>
	<agent id="350" start_j="18" start_i="9" goal_j="1" goal_i="7"/>
	<agent id="351" start_j="7" start_i="29" goal_j="1" goal_i="14"/>
	<agent id="352" start_j="18" start_i="11" goal_j="3" goal_i="6"/>
	<agent id="353" start_j="8" start_i="23" goal_j="13" goal_i="6"/>
	<agent id="354" start_j="20" start_i="17" goal_j="12" goal_i="2"/>
	<agent id="355" start_j="5" start_i="1" goal_j="22" goal_i="21"/>
	<agent id="356" start_j="22" start_i="18" goal_j="19" goal_i="1"/>
	<agent id="357" start_j="6" start_i="22" goal_j="27" goal_i="12"/>
	<agent id="358" start_j="2" start_i="13" goal_j="12" goal_i="31"/>
	<agent id="359" start_j="17" start_i="1" goal_j="11" goal_i="11"/>
	<agent id="360" start_j="27" start_i="17" goal_j="16" goal_i="16"/>
	<agent id="361" start_j="15" start_i="19" goal_j="21" goal_i="23"/>
	<agent id="362" start_j="22" start_i="17" goal_j="20" goal_i="22"/>
	<agent id="363" start_j="9" start_i="13" goal_j="24" goal_i="5"/>
	<agent id="364" start_j="8" start_i="29" goal_j="25" goal_i="16"/>
	<agent id="365" start_j="10" start_i="11" goal_j="9" goal_i="17"/>
	<agent id="366" start_j="9" start_i="31" goal_j="28" goal_i="15"/>
	<agent id="367" start_j="14" start_i="13" goal_j="25" goal_i="31"/>
	<agent id="368" start_j="11" start_i="12" goal_j="31" goal_i="30"/>
	<agent id="369" start_j="3" start_i="26" goal_j="27" goal_i="11"/>
	<agent id="370" start_j="5" start_i="8" goal_j="5" goal_i="22"/>
	<agent id="371" start_j="27" start_i="30" goal_j="4" goal_i="23"/>
	<agent id="372" start_j="27" start_i="7" goal_j="18" goal_i="23"/>
	<agent id="373" start_j="4" start_i="28" goal_j="23" goal_i="12"/>
	<agent id="374" start_j="24" start_i="14" goal_j="3" goal_i="3"/>
	<agent id="375" start_j="9" start_i="23" goal_j="13" goal_i="28"/>
	<agent id="376" start_j="26" start_i="19" goal_j="1" goal_i="1"/>
	<agent id="377" start_j="1" start_i="19" goal_j="8" goal_i="3"/>
	<agent id="378" start_j="24" start_i="29" goal_j="22" goal_i="7"/>
	<agent id="379" start_j="9" start_i="19" goal_j="29" goal_i="2"/>
	<agent id="380" start_j="3" start_i="31" goal_j="29" goal_i="1"/>
	<agent id="381" start_j="13" start_i="27" goal_j="4" goal_i="1"/>
	<agent id="382" start_j="24" start_i="22" goal_j="26" goal_i="1"/>
	<agent id="383" start_j="2" start_i="9" goal_j="11" goal_i="16"/>
	<agent id="384" start_j="31" start_i="15" goal_j="30" goal_i="21"/>
	<agent id="385" start_j="4" start_i="22" goal_j="16" goal_i="1"/>
	<agent id="386" start_j="31" start_i="14" goal_j="2" goal_i="17"/>
	<agent id="387" start_j="14" start_i="31" goal_j="2" goal_i="14"/>
	<agent id="388" start_j="16" start_i="26" goal_j="13" goal_i="25"/>
	<agent id="389" start_j="1" start_i="18" goal_j="29" goal_i="6"/>
	<agent id="390" start_j="3" start_i="2" goal_j="27" goal_i="14"/>
	<agent id="391" start_j="10" start_i="16" goal_j="13" goal_i="3"/>
	<agent id="392" start_j="31" start_i="3" goal_j="17" goal_i="10"/>
	<agent id="393" start_j="16" start_i="27" goal_j="5" goal_i="12"/>
	<agent id="394" start_j="14" start_i="19" goal_j="5" goal_i="7"/>
</root>
