<?xml version="1.0" ?>
<root>
   <agent start_id="552" goal_id="306"/>
   <agent start_id="713" goal_id="466"/>
   <agent start_id="310" goal_id="659"/>
   <agent start_id="638" goal_id="262"/>
   <agent start_id="750" goal_id="503"/>
   <agent start_id="467" goal_id="91"/>
   <agent start_id="696" goal_id="450"/>
   <agent start_id="294" goal_id="47"/>
   <agent start_id="472" goal_id="96"/>
   <agent start_id="487" goal_id="240"/>
   <agent start_id="803" goal_id="427"/>
   <agent start_id="434" goal_id="187"/>
   <agent start_id="277" goal_id="31"/>
   <agent start_id="306" goal_id="808"/>
   <agent start_id="717" goal_id="470"/>
   <agent start_id="32" goal_id="664"/>
   <agent start_id="184" goal_id="686"/>
   <agent start_id="15" goal_id="364"/>
   <agent start_id="454" goal_id="208"/>
   <agent start_id="471" goal_id="95"/>
   <agent start_id="401" goal_id="155"/>
   <agent start_id="145" goal_id="647"/>
   <agent start_id="876" goal_id="348"/>
   <agent start_id="191" goal_id="823"/>
   <agent start_id="807" goal_id="432"/>
   <agent start_id="631" goal_id="385"/>
   <agent start_id="613" goal_id="85"/>
   <agent start_id="812" goal_id="437"/>
   <agent start_id="266" goal_id="560"/>
   <agent start_id="667" goal_id="768"/>
   <agent start_id="753" goal_id="507"/>
   <agent start_id="212" goal_id="844"/>
   <agent start_id="520" goal_id="144"/>
   <agent start_id="405" goal_id="159"/>
   <agent start_id="106" goal_id="737"/>
   <agent start_id="149" goal_id="651"/>
   <agent start_id="581" goal_id="52"/>
   <agent start_id="480" goal_id="105"/>
   <agent start_id="774" goal_id="528"/>
   <agent start_id="721" goal_id="474"/>
   <agent start_id="485" goal_id="110"/>
   <agent start_id="811" goal_id="564"/>
   <agent start_id="690" goal_id="314"/>
   <agent start_id="511" goal_id="265"/>
   <agent start_id="319" goal_id="73"/>
   <agent start_id="548" goal_id="302"/>
   <agent start_id="148" goal_id="94"/>
   <agent start_id="495" goal_id="248"/>
   <agent start_id="104" goal_id="606"/>
   <agent start_id="442" goal_id="195"/>
   <agent start_id="285" goal_id="635"/>
   <agent start_id="86" goal_id="109"/>
   <agent start_id="479" goal_id="232"/>
   <agent start_id="816" goal_id="440"/>
   <agent start_id="425" goal_id="179"/>
   <agent start_id="269" goal_id="619"/>
   <agent start_id="332" goal_id="821"/>
   <agent start_id="462" goal_id="216"/>
   <agent start_id="24" goal_id="655"/>
   <agent start_id="197" goal_id="699"/>
   <agent start_id="499" goal_id="253"/>
   <agent start_id="528" goal_id="153"/>
   <agent start_id="200" goal_id="831"/>
   <agent start_id="639" goal_id="393"/>
   <agent start_id="533" goal_id="158"/>
   <agent start_id="868" goal_id="340"/>
   <agent start_id="489" goal_id="113"/>
   <agent start_id="430" goal_id="183"/>
   <agent start_id="123" goal_id="264"/>
   <agent start_id="112" goal_id="626"/>
   <agent start_id="220" goal_id="852"/>
   <agent start_id="413" goal_id="167"/>
   <agent start_id="152" goal_id="654"/>
   <agent start_id="606" goal_id="360"/>
   <agent start_id="157" goal_id="307"/>
   <agent start_id="587" goal_id="53"/>
   <agent start_id="488" goal_id="286"/>
   <agent start_id="820" goal_id="747"/>
   <agent start_id="97" goal_id="729"/>
   <agent start_id="187" goal_id="819"/>
   <agent start_id="367" goal_id="869"/>
   <agent start_id="766" goal_id="519"/>
   <agent start_id="81" goal_id="713"/>
   <agent start_id="874" goal_id="498"/>
   <agent start_id="798" goal_id="552"/>
   <agent start_id="749" goal_id="283"/>
   <agent start_id="659" goal_id="585"/>
   <agent start_id="311" goal_id="65"/>
   <agent start_id="540" goal_id="11"/>
   <agent start_id="161" goal_id="173"/>
   <agent start_id="102" goal_id="733"/>
   <agent start_id="48" goal_id="680"/>
   <agent start_id="542" goal_id="166"/>
   <agent start_id="524" goal_id="277"/>
   <agent start_id="873" goal_id="590"/>
   <agent start_id="85" goal_id="717"/>
   <agent start_id="278" goal_id="32"/>
   <agent start_id="752" goal_id="376"/>
   <agent start_id="507" goal_id="261"/>
   <agent start_id="663" goal_id="287"/>
   <agent start_id="363" goal_id="706"/>
   <agent start_id="647" goal_id="401"/>
   <agent start_id="244" goal_id="594"/>
   <agent start_id="166" goal_id="668"/>
   <agent start_id="438" goal_id="191"/>
   <agent start_id="384" goal_id="138"/>
   <agent start_id="171" goal_id="673"/>
   <agent start_id="578" goal_id="331"/>
   <agent start_id="502" goal_id="127"/>
   <agent start_id="421" goal_id="175"/>
   <agent start_id="861" goal_id="615"/>
   <agent start_id="756" goal_id="380"/>
   <agent start_id="458" goal_id="212"/>
   <agent start_id="651" goal_id="405"/>
   <agent start_id="541" goal_id="165"/>
   <agent start_id="598" goal_id="434"/>
   <agent start_id="195" goal_id="827"/>
   <agent start_id="546" goal_id="170"/>
   <agent start_id="389" goal_id="142"/>
   <agent start_id="877" goal_id="501"/>
   <agent start_id="336" goal_id="89"/>
   <agent start_id="4" goal_id="282"/>
   <agent start_id="206" goal_id="506"/>
   <agent start_id="758" goal_id="511"/>
   <agent start_id="385" goal_id="9"/>
   <agent start_id="672" goal_id="299"/>
   <agent start_id="794" goal_id="266"/>
   <agent start_id="110" goal_id="741"/>
   <agent start_id="169" goal_id="672"/>
   <agent start_id="303" goal_id="56"/>
   <agent start_id="532" goal_id="3"/>
   <agent start_id="174" goal_id="677"/>
   <agent start_id="340" goal_id="93"/>
   <agent start_id="379" goal_id="342"/>
   <agent start_id="287" goal_id="40"/>
   <agent start_id="515" goal_id="865"/>
   <agent start_id="8" goal_id="670"/>
   <agent start_id="323" goal_id="77"/>
   <agent start_id="270" goal_id="24"/>
   <agent start_id="765" goal_id="389"/>
   <agent start_id="720" goal_id="849"/>
   <agent start_id="744" goal_id="345"/>
   <agent start_id="61" goal_id="692"/>
   <agent start_id="254" goal_id="7"/>
   <agent start_id="599" goal_id="223"/>
   <agent start_id="52" goal_id="554"/>
   <agent start_id="676" goal_id="429"/>
   <agent start_id="516" goal_id="510"/>
   <agent start_id="238" goal_id="57"/>
   <agent start_id="433" goal_id="749"/>
</root>