<?xml version="1.0" ?>
<root>
   <agent start_id="352" goal_id="106"/>
   <agent start_id="545" goal_id="299"/>
   <agent start_id="143" goal_id="774"/>
   <agent start_id="438" goal_id="62"/>
   <agent start_id="89" goal_id="721"/>
   <agent start_id="394" goal_id="18"/>
   <agent start_id="179" goal_id="811"/>
   <agent start_id="126" goal_id="758"/>
   <agent start_id="272" goal_id="725"/>
   <agent start_id="73" goal_id="705"/>
   <agent start_id="266" goal_id="20"/>
   <agent start_id="57" goal_id="688"/>
   <agent start_id="250" goal_id="3"/>
   <agent start_id="393" goal_id="17"/>
   <agent start_id="94" goal_id="442"/>
   <agent start_id="818" goal_id="85"/>
   <agent start_id="40" goal_id="672"/>
   <agent start_id="774" goal_id="398"/>
   <agent start_id="234" goal_id="865"/>
   <agent start_id="227" goal_id="729"/>
   <agent start_id="709" goal_id="462"/>
   <agent start_id="656" goal_id="409"/>
   <agent start_id="232" goal_id="734"/>
   <agent start_id="499" goal_id="849"/>
   <agent start_id="61" goal_id="563"/>
   <agent start_id="486" goal_id="692"/>
   <agent start_id="639" goal_id="393"/>
   <agent start_id="66" goal_id="568"/>
   <agent start_id="833" goal_id="586"/>
   <agent start_id="397" goal_id="22"/>
   <agent start_id="45" goal_id="676"/>
   <agent start_id="869" goal_id="623"/>
   <agent start_id="276" goal_id="778"/>
   <agent start_id="816" goal_id="570"/>
   <agent start_id="231" goal_id="741"/>
   <agent start_id="660" goal_id="413"/>
   <agent start_id="280" goal_id="281"/>
   <agent start_id="221" goal_id="853"/>
   <agent start_id="204" goal_id="553"/>
   <agent start_id="65" goal_id="273"/>
   <agent start_id="115" goal_id="151"/>
   <agent start_id="162" goal_id="617"/>
   <agent start_id="837" goal_id="590"/>
   <agent start_id="434" goal_id="188"/>
   <agent start_id="275" goal_id="777"/>
   <agent start_id="381" goal_id="134"/>
   <agent start_id="827" goal_id="451"/>
   <agent start_id="574" goal_id="328"/>
   <agent start_id="418" goal_id="171"/>
   <agent start_id="109" goal_id="611"/>
   <agent start_id="611" goal_id="364"/>
   <agent start_id="158" goal_id="661"/>
   <agent start_id="311" goal_id="65"/>
   <agent start_id="155" goal_id="504"/>
   <agent start_id="445" goal_id="70"/>
   <agent start_id="594" goal_id="348"/>
   <agent start_id="870" goal_id="495"/>
   <agent start_id="541" goal_id="295"/>
   <agent start_id="139" goal_id="770"/>
   <agent start_id="279" goal_id="782"/>
   <agent start_id="717" goal_id="470"/>
   <agent start_id="455" goal_id="80"/>
   <agent start_id="525" goal_id="279"/>
   <agent start_id="122" goal_id="754"/>
   <agent start_id="113" goal_id="616"/>
   <agent start_id="69" goal_id="701"/>
   <agent start_id="665" goal_id="289"/>
   <agent start_id="509" goal_id="262"/>
   <agent start_id="106" goal_id="737"/>
   <agent start_id="825" goal_id="450"/>
   <agent start_id="53" goal_id="684"/>
   <agent start_id="200" goal_id="123"/>
   <agent start_id="246" goal_id="877"/>
   <agent start_id="193" goal_id="824"/>
   <agent start_id="786" goal_id="410"/>
   <agent start_id="421" goal_id="175"/>
   <agent start_id="460" goal_id="84"/>
   <agent start_id="230" goal_id="861"/>
   <agent start_id="705" goal_id="458"/>
   <agent start_id="118" goal_id="620"/>
   <agent start_id="405" goal_id="159"/>
   <agent start_id="294" goal_id="796"/>
   <agent start_id="213" goal_id="845"/>
   <agent start_id="792" goal_id="545"/>
   <agent start_id="78" goal_id="581"/>
   <agent start_id="4" goal_id="635"/>
   <agent start_id="197" goal_id="828"/>
   <agent start_id="332" goal_id="835"/>
   <agent start_id="672" goal_id="426"/>
   <agent start_id="664" goal_id="288"/>
   <agent start_id="373" goal_id="126"/>
   <agent start_id="181" goal_id="812"/>
   <agent start_id="166" goal_id="669"/>
   <agent start_id="163" goal_id="513"/>
   <agent start_id="147" goal_id="496"/>
   <agent start_id="458" goal_id="83"/>
   <agent start_id="340" goal_id="93"/>
   <agent start_id="533" goal_id="287"/>
   <agent start_id="839" goal_id="463"/>
   <agent start_id="377" goal_id="130"/>
   <agent start_id="668" goal_id="292"/>
   <agent start_id="324" goal_id="77"/>
   <agent start_id="270" goal_id="24"/>
   <agent start_id="297" goal_id="800"/>
   <agent start_id="114" goal_id="464"/>
   <agent start_id="620" goal_id="629"/>
   <agent start_id="678" goal_id="302"/>
   <agent start_id="500" goal_id="254"/>
   <agent start_id="507" goal_id="131"/>
   <agent start_id="838" goal_id="503"/>
   <agent start_id="441" goal_id="90"/>
   <agent start_id="291" goal_id="44"/>
   <agent start_id="238" goal_id="869"/>
   <agent start_id="843" goal_id="468"/>
   <agent start_id="81" goal_id="713"/>
   <agent start_id="28" goal_id="660"/>
   <agent start_id="346" goal_id="848"/>
   <agent start_id="677" goal_id="851"/>
   <agent start_id="508" goal_id="536"/>
   <agent start_id="506" goal_id="697"/>
   <agent start_id="258" goal_id="12"/>
   <agent start_id="556" goal_id="180"/>
   <agent start_id="451" goal_id="205"/>
   <agent start_id="9" goal_id="511"/>
   <agent start_id="49" goal_id="680"/>
   <agent start_id="814" goal_id="843"/>
   <agent start_id="873" goal_id="627"/>
   <agent start_id="435" goal_id="189"/>
   <agent start_id="721" goal_id="345"/>
   <agent start_id="417" goal_id="767"/>
   <agent start_id="301" goal_id="803"/>
   <agent start_id="350" goal_id="739"/>
   <agent start_id="804" goal_id="558"/>
   <agent start_id="682" goal_id="306"/>
   <agent start_id="401" goal_id="751"/>
   <agent start_id="184" goal_id="687"/>
   <agent start_id="812" goal_id="278"/>
   <agent start_id="788" goal_id="140"/>
   <agent start_id="516" goal_id="859"/>
   <agent start_id="631" goal_id="385"/>
   <agent start_id="824" goal_id="578"/>
   <agent start_id="290" goal_id="633"/>
   <agent start_id="140" goal_id="771"/>
   <agent start_id="725" goal_id="350"/>
   <agent start_id="615" goal_id="368"/>
   <agent start_id="474" goal_id="681"/>
   <agent start_id="808" goal_id="562"/>
   <agent start_id="686" goal_id="310"/>
   <agent start_id="467" goal_id="810"/>
   <agent start_id="515" goal_id="139"/>
</root>