<?xml version="1.0" ?>
<root>
   <agent start_id="77" goal_id="114"/>
   <agent start_id="104" goal_id="71"/>
   <agent start_id="124" goal_id="32"/>
   <agent start_id="165" goal_id="31"/>
   <agent start_id="21" goal_id="15"/>
   <agent start_id="1" goal_id="37"/>
   <agent start_id="94" goal_id="63"/>
   <agent start_id="130" goal_id="124"/>
   <agent start_id="116" goal_id="151"/>
   <agent start_id="115" goal_id="6"/>
   <agent start_id="100" goal_id="94"/>
   <agent start_id="85" goal_id="53"/>
   <agent start_id="105" goal_id="74"/>
   <agent start_id="132" goal_id="126"/>
   <agent start_id="76" goal_id="111"/>
   <agent start_id="9" goal_id="12"/>
   <agent start_id="164" goal_id="29"/>
   <agent start_id="44" goal_id="168"/>
   <agent start_id="14" goal_id="91"/>
   <agent start_id="122" goal_id="49"/>
   <agent start_id="159" goal_id="50"/>
   <agent start_id="0" goal_id="164"/>
   <agent start_id="129" goal_id="165"/>
   <agent start_id="88" goal_id="122"/>
   <agent start_id="45" goal_id="123"/>
   <agent start_id="163" goal_id="155"/>
   <agent start_id="27" goal_id="62"/>
   <agent start_id="161" goal_id="93"/>
   <agent start_id="78" goal_id="18"/>
   <agent start_id="61" goal_id="113"/>
   <agent start_id="37" goal_id="1"/>
   <agent start_id="31" goal_id="108"/>
   <agent start_id="131" goal_id="161"/>
   <agent start_id="36" goal_id="160"/>
   <agent start_id="79" goal_id="95"/>
   <agent start_id="95" goal_id="131"/>
   <agent start_id="32" goal_id="130"/>
   <agent start_id="53" goal_id="89"/>
   <agent start_id="52" goal_id="125"/>
   <agent start_id="74" goal_id="137"/>
   <agent start_id="101" goal_id="136"/>
   <agent start_id="167" goal_id="54"/>
   <agent start_id="63" goal_id="120"/>
   <agent start_id="108" goal_id="80"/>
   <agent start_id="64" goal_id="100"/>
   <agent start_id="92" goal_id="86"/>
   <agent start_id="152" goal_id="39"/>
   <agent start_id="68" goal_id="30"/>
   <agent start_id="35" goal_id="58"/>
   <agent start_id="96" goal_id="83"/>
   <agent start_id="82" goal_id="118"/>
   <agent start_id="67" goal_id="144"/>
   <agent start_id="155" goal_id="102"/>
   <agent start_id="128" goal_id="35"/>
   <agent start_id="145" goal_id="87"/>
   <agent start_id="114" goal_id="68"/>
   <agent start_id="43" goal_id="103"/>
   <agent start_id="112" goal_id="66"/>
   <agent start_id="17" goal_id="52"/>
   <agent start_id="19" goal_id="10"/>
   <agent start_id="144" goal_id="139"/>
   <agent start_id="89" goal_id="38"/>
   <agent start_id="49" goal_id="84"/>
   <agent start_id="48" goal_id="44"/>
   <agent start_id="137" goal_id="2"/>
   <agent start_id="69" goal_id="0"/>
   <agent start_id="58" goal_id="8"/>
   <agent start_id="111" goal_id="147"/>
   <agent start_id="75" goal_id="33"/>
   <agent start_id="157" goal_id="110"/>
   <agent start_id="71" goal_id="121"/>
   <agent start_id="86" goal_id="56"/>
   <agent start_id="4" goal_id="132"/>
   <agent start_id="7" goal_id="96"/>
   <agent start_id="29" goal_id="162"/>
   <agent start_id="166" goal_id="24"/>
   <agent start_id="153" goal_id="145"/>
   <agent start_id="98" goal_id="133"/>
   <agent start_id="62" goal_id="67"/>
   <agent start_id="87" goal_id="149"/>
   <agent start_id="51" goal_id="112"/>
   <agent start_id="151" goal_id="70"/>
   <agent start_id="142" goal_id="7"/>
   <agent start_id="25" goal_id="98"/>
   <agent start_id="103" goal_id="88"/>
   <agent start_id="11" goal_id="47"/>
   <agent start_id="140" goal_id="28"/>
   <agent start_id="83" goal_id="5"/>
   <agent start_id="93" goal_id="115"/>
   <agent start_id="168" goal_id="55"/>
   <agent start_id="18" goal_id="167"/>
   <agent start_id="10" goal_id="99"/>
   <agent start_id="22" goal_id="158"/>
   <agent start_id="8" goal_id="64"/>
   <agent start_id="117" goal_id="109"/>
   <agent start_id="162" goal_id="143"/>
   <agent start_id="97" goal_id="90"/>
   <agent start_id="84" goal_id="163"/>
   <agent start_id="40" goal_id="69"/>
   <agent start_id="113" goal_id="60"/>
</root>