<?xml version="1.0" ?>
<root>
   <agent start_id="136" goal_id="50"/>
   <agent start_id="143" goal_id="169"/>
   <agent start_id="133" goal_id="165"/>
   <agent start_id="61" goal_id="96"/>
   <agent start_id="46" goal_id="123"/>
   <agent start_id="73" goal_id="108"/>
   <agent start_id="32" goal_id="67"/>
   <agent start_id="31" goal_id="66"/>
   <agent start_id="161" goal_id="32"/>
   <agent start_id="119" goal_id="154"/>
   <agent start_id="113" goal_id="144"/>
   <agent start_id="104" goal_id="139"/>
   <agent start_id="78" goal_id="99"/>
   <agent start_id="22" goal_id="57"/>
   <agent start_id="47" goal_id="17"/>
   <agent start_id="110" goal_id="145"/>
   <agent start_id="109" goal_id="83"/>
   <agent start_id="68" goal_id="104"/>
   <agent start_id="27" goal_id="63"/>
   <agent start_id="156" goal_id="89"/>
   <agent start_id="134" goal_id="7"/>
   <agent start_id="64" goal_id="100"/>
   <agent start_id="74" goal_id="95"/>
   <agent start_id="18" goal_id="54"/>
   <agent start_id="17" goal_id="52"/>
   <agent start_id="3" goal_id="39"/>
   <agent start_id="166" goal_id="24"/>
   <agent start_id="159" goal_id="59"/>
   <agent start_id="9" goal_id="46"/>
   <agent start_id="49" goal_id="85"/>
   <agent start_id="75" goal_id="44"/>
   <agent start_id="57" goal_id="132"/>
   <agent start_id="81" goal_id="159"/>
   <agent start_id="55" goal_id="76"/>
   <agent start_id="40" goal_id="34"/>
   <agent start_id="90" goal_id="168"/>
   <agent start_id="164" goal_id="30"/>
   <agent start_id="153" goal_id="19"/>
   <agent start_id="26" goal_id="103"/>
   <agent start_id="43" goal_id="33"/>
   <agent start_id="160" goal_id="119"/>
   <agent start_id="115" goal_id="0"/>
   <agent start_id="77" goal_id="140"/>
   <agent start_id="63" goal_id="98"/>
   <agent start_id="89" goal_id="27"/>
   <agent start_id="86" goal_id="110"/>
   <agent start_id="128" goal_id="43"/>
   <agent start_id="96" goal_id="131"/>
   <agent start_id="95" goal_id="90"/>
   <agent start_id="14" goal_id="48"/>
   <agent start_id="13" goal_id="49"/>
   <agent start_id="142" goal_id="37"/>
   <agent start_id="5" goal_id="91"/>
   <agent start_id="50" goal_id="8"/>
   <agent start_id="10" goal_id="12"/>
   <agent start_id="148" goal_id="5"/>
   <agent start_id="97" goal_id="70"/>
   <agent start_id="24" goal_id="153"/>
   <agent start_id="33" goal_id="127"/>
   <agent start_id="71" goal_id="101"/>
   <agent start_id="34" goal_id="94"/>
   <agent start_id="123" goal_id="118"/>
   <agent start_id="91" goal_id="167"/>
   <agent start_id="39" goal_id="31"/>
   <agent start_id="103" goal_id="97"/>
   <agent start_id="92" goal_id="58"/>
   <agent start_id="141" goal_id="20"/>
   <agent start_id="8" goal_id="107"/>
   <agent start_id="82" goal_id="68"/>
   <agent start_id="122" goal_id="155"/>
   <agent start_id="79" goal_id="115"/>
   <agent start_id="11" goal_id="135"/>
   <agent start_id="145" goal_id="2"/>
   <agent start_id="165" goal_id="161"/>
   <agent start_id="116" goal_id="150"/>
   <agent start_id="132" goal_id="9"/>
   <agent start_id="54" goal_id="126"/>
   <agent start_id="106" goal_id="51"/>
   <agent start_id="137" goal_id="22"/>
   <agent start_id="131" goal_id="124"/>
   <agent start_id="100" goal_id="163"/>
   <agent start_id="21" goal_id="53"/>
   <agent start_id="16" goal_id="157"/>
   <agent start_id="138" goal_id="133"/>
   <agent start_id="98" goal_id="130"/>
   <agent start_id="41" goal_id="77"/>
   <agent start_id="76" goal_id="69"/>
   <agent start_id="35" goal_id="87"/>
   <agent start_id="80" goal_id="6"/>
   <agent start_id="83" goal_id="149"/>
   <agent start_id="6" goal_id="81"/>
   <agent start_id="53" goal_id="166"/>
   <agent start_id="114" goal_id="10"/>
   <agent start_id="15" goal_id="16"/>
   <agent start_id="124" goal_id="125"/>
   <agent start_id="111" goal_id="42"/>
   <agent start_id="151" goal_id="114"/>
   <agent start_id="167" goal_id="136"/>
   <agent start_id="99" goal_id="65"/>
   <agent start_id="152" goal_id="80"/>
</root>