<?xml version="1.0" ?>
<root>
   <agent start_id="99" goal_id="135"/>
   <agent start_id="93" goal_id="126"/>
   <agent start_id="89" goal_id="125"/>
   <agent start_id="88" goal_id="124"/>
   <agent start_id="6" goal_id="83"/>
   <agent start_id="0" goal_id="42"/>
   <agent start_id="135" goal_id="0"/>
   <agent start_id="162" goal_id="157"/>
   <agent start_id="120" goal_id="22"/>
   <agent start_id="79" goal_id="115"/>
   <agent start_id="168" goal_id="34"/>
   <agent start_id="127" goal_id="18"/>
   <agent start_id="18" goal_id="12"/>
   <agent start_id="71" goal_id="168"/>
   <agent start_id="158" goal_id="65"/>
   <agent start_id="14" goal_id="50"/>
   <agent start_id="116" goal_id="76"/>
   <agent start_id="133" goal_id="102"/>
   <agent start_id="35" goal_id="70"/>
   <agent start_id="61" goal_id="55"/>
   <agent start_id="60" goal_id="96"/>
   <agent start_id="19" goal_id="13"/>
   <agent start_id="68" goal_id="103"/>
   <agent start_id="43" goal_id="164"/>
   <agent start_id="52" goal_id="88"/>
   <agent start_id="51" goal_id="150"/>
   <agent start_id="37" goal_id="73"/>
   <agent start_id="139" goal_id="11"/>
   <agent start_id="98" goal_id="119"/>
   <agent start_id="16" goal_id="155"/>
   <agent start_id="42" goal_id="78"/>
   <agent start_id="131" goal_id="5"/>
   <agent start_id="1" goal_id="36"/>
   <agent start_id="129" goal_id="58"/>
   <agent start_id="48" goal_id="145"/>
   <agent start_id="3" goal_id="2"/>
   <agent start_id="95" goal_id="131"/>
   <agent start_id="96" goal_id="21"/>
   <agent start_id="75" goal_id="49"/>
   <agent start_id="141" goal_id="7"/>
   <agent start_id="169" goal_id="60"/>
   <agent start_id="24" goal_id="161"/>
   <agent start_id="23" goal_id="27"/>
   <agent start_id="111" goal_id="147"/>
   <agent start_id="30" goal_id="24"/>
   <agent start_id="159" goal_id="59"/>
   <agent start_id="152" goal_id="45"/>
   <agent start_id="76" goal_id="112"/>
   <agent start_id="138" goal_id="98"/>
   <agent start_id="21" goal_id="57"/>
   <agent start_id="57" goal_id="118"/>
   <agent start_id="108" goal_id="15"/>
   <agent start_id="128" goal_id="62"/>
   <agent start_id="25" goal_id="56"/>
   <agent start_id="114" goal_id="66"/>
   <agent start_id="38" goal_id="91"/>
   <agent start_id="125" goal_id="44"/>
   <agent start_id="58" goal_id="159"/>
   <agent start_id="124" goal_id="160"/>
   <agent start_id="83" goal_id="77"/>
   <agent start_id="31" goal_id="166"/>
   <agent start_id="153" goal_id="144"/>
   <agent start_id="36" goal_id="122"/>
   <agent start_id="34" goal_id="28"/>
   <agent start_id="121" goal_id="20"/>
   <agent start_id="107" goal_id="8"/>
   <agent start_id="39" goal_id="75"/>
   <agent start_id="66" goal_id="100"/>
   <agent start_id="40" goal_id="162"/>
   <agent start_id="44" goal_id="80"/>
   <agent start_id="17" goal_id="10"/>
   <agent start_id="102" goal_id="134"/>
   <agent start_id="91" goal_id="38"/>
   <agent start_id="132" goal_id="72"/>
   <agent start_id="94" goal_id="35"/>
   <agent start_id="119" goal_id="153"/>
   <agent start_id="110" goal_id="123"/>
   <agent start_id="87" goal_id="138"/>
   <agent start_id="5" goal_id="40"/>
   <agent start_id="157" goal_id="110"/>
   <agent start_id="149" goal_id="165"/>
   <agent start_id="12" goal_id="47"/>
   <agent start_id="140" goal_id="95"/>
   <agent start_id="166" goal_id="32"/>
   <agent start_id="134" goal_id="53"/>
   <agent start_id="130" goal_id="61"/>
   <agent start_id="84" goal_id="68"/>
   <agent start_id="28" goal_id="105"/>
   <agent start_id="29" goal_id="108"/>
   <agent start_id="156" goal_id="116"/>
   <agent start_id="2" goal_id="111"/>
   <agent start_id="142" goal_id="117"/>
   <agent start_id="147" goal_id="136"/>
   <agent start_id="80" goal_id="54"/>
   <agent start_id="81" goal_id="142"/>
   <agent start_id="103" goal_id="132"/>
   <agent start_id="53" goal_id="109"/>
   <agent start_id="154" goal_id="69"/>
   <agent start_id="112" goal_id="81"/>
   <agent start_id="165" goal_id="92"/>
</root>