<?xml version="1.0" ?>
<root>
   <agent start_id="109" goal_id="144"/>
   <agent start_id="27" goal_id="21"/>
   <agent start_id="42" goal_id="62"/>
   <agent start_id="26" goal_id="61"/>
   <agent start_id="114" goal_id="145"/>
   <agent start_id="33" goal_id="68"/>
   <agent start_id="99" goal_id="135"/>
   <agent start_id="6" goal_id="67"/>
   <agent start_id="120" goal_id="94"/>
   <agent start_id="44" goal_id="79"/>
   <agent start_id="78" goal_id="141"/>
   <agent start_id="64" goal_id="95"/>
   <agent start_id="22" goal_id="58"/>
   <agent start_id="90" goal_id="125"/>
   <agent start_id="3" goal_id="80"/>
   <agent start_id="138" goal_id="43"/>
   <agent start_id="136" goal_id="29"/>
   <agent start_id="122" goal_id="116"/>
   <agent start_id="40" goal_id="75"/>
   <agent start_id="142" goal_id="8"/>
   <agent start_id="34" goal_id="69"/>
   <agent start_id="87" goal_id="123"/>
   <agent start_id="153" goal_id="148"/>
   <agent start_id="133" goal_id="0"/>
   <agent start_id="160" goal_id="25"/>
   <agent start_id="30" goal_id="65"/>
   <agent start_id="158" goal_id="10"/>
   <agent start_id="145" goal_id="85"/>
   <agent start_id="76" goal_id="71"/>
   <agent start_id="63" goal_id="98"/>
   <agent start_id="21" goal_id="83"/>
   <agent start_id="110" goal_id="57"/>
   <agent start_id="146" goal_id="36"/>
   <agent start_id="93" goal_id="103"/>
   <agent start_id="156" goal_id="22"/>
   <agent start_id="121" goal_id="113"/>
   <agent start_id="155" goal_id="48"/>
   <agent start_id="25" goal_id="17"/>
   <agent start_id="67" goal_id="7"/>
   <agent start_id="7" goal_id="16"/>
   <agent start_id="106" goal_id="157"/>
   <agent start_id="105" goal_id="38"/>
   <agent start_id="68" goal_id="100"/>
   <agent start_id="130" goal_id="86"/>
   <agent start_id="9" goal_id="137"/>
   <agent start_id="92" goal_id="115"/>
   <agent start_id="131" goal_id="109"/>
   <agent start_id="28" goal_id="153"/>
   <agent start_id="72" goal_id="117"/>
   <agent start_id="169" goal_id="35"/>
   <agent start_id="61" goal_id="3"/>
   <agent start_id="154" goal_id="34"/>
   <agent start_id="39" goal_id="122"/>
   <agent start_id="45" goal_id="40"/>
   <agent start_id="143" goal_id="9"/>
   <agent start_id="107" goal_id="56"/>
   <agent start_id="16" goal_id="51"/>
   <agent start_id="15" goal_id="114"/>
   <agent start_id="104" goal_id="139"/>
   <agent start_id="103" goal_id="30"/>
   <agent start_id="89" goal_id="119"/>
   <agent start_id="75" goal_id="84"/>
   <agent start_id="5" goal_id="140"/>
   <agent start_id="43" goal_id="104"/>
   <agent start_id="86" goal_id="63"/>
   <agent start_id="84" goal_id="45"/>
   <agent start_id="128" goal_id="152"/>
   <agent start_id="141" goal_id="49"/>
   <agent start_id="100" goal_id="27"/>
   <agent start_id="162" goal_id="13"/>
   <agent start_id="13" goal_id="1"/>
   <agent start_id="47" goal_id="168"/>
   <agent start_id="58" goal_id="167"/>
   <agent start_id="59" goal_id="90"/>
   <agent start_id="127" goal_id="163"/>
   <agent start_id="88" goal_id="158"/>
   <agent start_id="36" goal_id="142"/>
   <agent start_id="163" goal_id="28"/>
   <agent start_id="20" goal_id="93"/>
   <agent start_id="111" goal_id="155"/>
   <agent start_id="56" goal_id="101"/>
   <agent start_id="129" goal_id="165"/>
   <agent start_id="148" goal_id="149"/>
   <agent start_id="167" goal_id="19"/>
   <agent start_id="139" goal_id="5"/>
   <agent start_id="69" goal_id="107"/>
   <agent start_id="60" goal_id="26"/>
   <agent start_id="12" goal_id="131"/>
   <agent start_id="77" goal_id="37"/>
   <agent start_id="108" goal_id="166"/>
   <agent start_id="165" goal_id="52"/>
   <agent start_id="48" goal_id="99"/>
   <agent start_id="65" goal_id="42"/>
   <agent start_id="55" goal_id="126"/>
   <agent start_id="135" goal_id="156"/>
   <agent start_id="14" goal_id="92"/>
   <agent start_id="149" goal_id="146"/>
   <agent start_id="101" goal_id="136"/>
   <agent start_id="8" goal_id="91"/>
   <agent start_id="112" goal_id="54"/>
</root>