<?xml version="1.0" ?>
<root>
   <agent start_id="102" goal_id="138"/>
   <agent start_id="103" goal_id="42"/>
   <agent start_id="20" goal_id="56"/>
   <agent start_id="61" goal_id="97"/>
   <agent start_id="120" goal_id="14"/>
   <agent start_id="82" goal_id="117"/>
   <agent start_id="0" goal_id="129"/>
   <agent start_id="27" goal_id="62"/>
   <agent start_id="53" goal_id="150"/>
   <agent start_id="10" goal_id="88"/>
   <agent start_id="154" goal_id="20"/>
   <agent start_id="5" goal_id="149"/>
   <agent start_id="93" goal_id="49"/>
   <agent start_id="57" goal_id="93"/>
   <agent start_id="16" goal_id="10"/>
   <agent start_id="2" goal_id="99"/>
   <agent start_id="130" goal_id="165"/>
   <agent start_id="1" goal_id="125"/>
   <agent start_id="48" goal_id="44"/>
   <agent start_id="110" goal_id="146"/>
   <agent start_id="100" goal_id="136"/>
   <agent start_id="23" goal_id="85"/>
   <agent start_id="55" goal_id="84"/>
   <agent start_id="12" goal_id="116"/>
   <agent start_id="39" goal_id="74"/>
   <agent start_id="127" goal_id="34"/>
   <agent start_id="86" goal_id="18"/>
   <agent start_id="71" goal_id="107"/>
   <agent start_id="72" goal_id="39"/>
   <agent start_id="70" goal_id="105"/>
   <agent start_id="132" goal_id="167"/>
   <agent start_id="117" goal_id="41"/>
   <agent start_id="50" goal_id="71"/>
   <agent start_id="76" goal_id="112"/>
   <agent start_id="46" goal_id="160"/>
   <agent start_id="83" goal_id="118"/>
   <agent start_id="155" goal_id="82"/>
   <agent start_id="151" goal_id="143"/>
   <agent start_id="21" goal_id="128"/>
   <agent start_id="52" goal_id="19"/>
   <agent start_id="113" goal_id="68"/>
   <agent start_id="99" goal_id="32"/>
   <agent start_id="98" goal_id="134"/>
   <agent start_id="104" goal_id="26"/>
   <agent start_id="79" goal_id="114"/>
   <agent start_id="131" goal_id="94"/>
   <agent start_id="116" goal_id="151"/>
   <agent start_id="8" goal_id="43"/>
   <agent start_id="34" goal_id="64"/>
   <agent start_id="33" goal_id="28"/>
   <agent start_id="147" goal_id="30"/>
   <agent start_id="107" goal_id="142"/>
   <agent start_id="22" goal_id="75"/>
   <agent start_id="65" goal_id="59"/>
   <agent start_id="143" goal_id="100"/>
   <agent start_id="45" goal_id="80"/>
   <agent start_id="91" goal_id="156"/>
   <agent start_id="3" goal_id="24"/>
   <agent start_id="30" goal_id="65"/>
   <agent start_id="159" goal_id="52"/>
   <agent start_id="118" goal_id="9"/>
   <agent start_id="92" goal_id="81"/>
   <agent start_id="166" goal_id="83"/>
   <agent start_id="88" goal_id="124"/>
   <agent start_id="47" goal_id="144"/>
   <agent start_id="136" goal_id="48"/>
   <agent start_id="89" goal_id="152"/>
   <agent start_id="109" goal_id="16"/>
   <agent start_id="73" goal_id="109"/>
   <agent start_id="58" goal_id="101"/>
   <agent start_id="145" goal_id="137"/>
   <agent start_id="29" goal_id="106"/>
   <agent start_id="90" goal_id="50"/>
   <agent start_id="105" goal_id="70"/>
   <agent start_id="11" goal_id="69"/>
   <agent start_id="148" goal_id="90"/>
   <agent start_id="75" goal_id="67"/>
   <agent start_id="139" goal_id="135"/>
   <agent start_id="106" goal_id="139"/>
   <agent start_id="96" goal_id="154"/>
   <agent start_id="126" goal_id="153"/>
   <agent start_id="78" goal_id="133"/>
   <agent start_id="97" goal_id="145"/>
   <agent start_id="56" goal_id="77"/>
   <agent start_id="42" goal_id="78"/>
   <agent start_id="18" goal_id="35"/>
   <agent start_id="63" goal_id="98"/>
   <agent start_id="124" goal_id="123"/>
   <agent start_id="26" goal_id="11"/>
   <agent start_id="129" goal_id="46"/>
   <agent start_id="24" goal_id="33"/>
   <agent start_id="108" goal_id="89"/>
   <agent start_id="119" goal_id="126"/>
   <agent start_id="152" goal_id="127"/>
   <agent start_id="158" goal_id="72"/>
   <agent start_id="111" goal_id="121"/>
   <agent start_id="69" goal_id="163"/>
   <agent start_id="169" goal_id="161"/>
   <agent start_id="28" goal_id="132"/>
   <agent start_id="140" goal_id="12"/>
</root>