<?xml version="1.0" ?>
<root>
   <agent start_id="168" goal_id="34"/>
   <agent start_id="126" goal_id="161"/>
   <agent start_id="86" goal_id="80"/>
   <agent start_id="45" goal_id="79"/>
   <agent start_id="44" goal_id="169"/>
   <agent start_id="60" goal_id="85"/>
   <agent start_id="153" goal_id="18"/>
   <agent start_id="71" goal_id="106"/>
   <agent start_id="164" goal_id="30"/>
   <agent start_id="163" goal_id="78"/>
   <agent start_id="149" goal_id="14"/>
   <agent start_id="107" goal_id="143"/>
   <agent start_id="67" goal_id="138"/>
   <agent start_id="129" goal_id="164"/>
   <agent start_id="84" goal_id="56"/>
   <agent start_id="20" goal_id="112"/>
   <agent start_id="134" goal_id="41"/>
   <agent start_id="58" goal_id="93"/>
   <agent start_id="57" goal_id="16"/>
   <agent start_id="146" goal_id="155"/>
   <agent start_id="104" goal_id="32"/>
   <agent start_id="63" goal_id="166"/>
   <agent start_id="89" goal_id="84"/>
   <agent start_id="7" goal_id="42"/>
   <agent start_id="0" goal_id="2"/>
   <agent start_id="68" goal_id="1"/>
   <agent start_id="162" goal_id="27"/>
   <agent start_id="21" goal_id="49"/>
   <agent start_id="39" goal_id="75"/>
   <agent start_id="142" goal_id="7"/>
   <agent start_id="100" goal_id="54"/>
   <agent start_id="167" goal_id="94"/>
   <agent start_id="10" goal_id="13"/>
   <agent start_id="4" goal_id="39"/>
   <agent start_id="106" goal_id="142"/>
   <agent start_id="118" goal_id="153"/>
   <agent start_id="77" goal_id="140"/>
   <agent start_id="137" goal_id="4"/>
   <agent start_id="82" goal_id="132"/>
   <agent start_id="108" goal_id="144"/>
   <agent start_id="61" goal_id="97"/>
   <agent start_id="123" goal_id="159"/>
   <agent start_id="87" goal_id="47"/>
   <agent start_id="113" goal_id="149"/>
   <agent start_id="98" goal_id="6"/>
   <agent start_id="75" goal_id="19"/>
   <agent start_id="119" goal_id="115"/>
   <agent start_id="145" goal_id="10"/>
   <agent start_id="2" goal_id="36"/>
   <agent start_id="1" goal_id="125"/>
   <agent start_id="23" goal_id="57"/>
   <agent start_id="70" goal_id="43"/>
   <agent start_id="155" goal_id="69"/>
   <agent start_id="33" goal_id="68"/>
   <agent start_id="48" goal_id="28"/>
   <agent start_id="54" goal_id="89"/>
   <agent start_id="13" goal_id="71"/>
   <agent start_id="102" goal_id="145"/>
   <agent start_id="24" goal_id="60"/>
   <agent start_id="32" goal_id="91"/>
   <agent start_id="49" goal_id="121"/>
   <agent start_id="112" goal_id="61"/>
   <agent start_id="29" goal_id="65"/>
   <agent start_id="36" goal_id="24"/>
   <agent start_id="144" goal_id="62"/>
   <agent start_id="105" goal_id="148"/>
   <agent start_id="143" goal_id="139"/>
   <agent start_id="47" goal_id="72"/>
   <agent start_id="83" goal_id="119"/>
   <agent start_id="81" goal_id="117"/>
   <agent start_id="17" goal_id="90"/>
   <agent start_id="52" goal_id="130"/>
   <agent start_id="14" goal_id="123"/>
   <agent start_id="11" goal_id="46"/>
   <agent start_id="140" goal_id="5"/>
   <agent start_id="125" goal_id="40"/>
   <agent start_id="152" goal_id="96"/>
   <agent start_id="18" goal_id="48"/>
   <agent start_id="138" goal_id="105"/>
   <agent start_id="43" goal_id="23"/>
   <agent start_id="117" goal_id="58"/>
   <agent start_id="158" goal_id="44"/>
   <agent start_id="97" goal_id="135"/>
   <agent start_id="131" goal_id="167"/>
   <agent start_id="122" goal_id="3"/>
   <agent start_id="120" goal_id="157"/>
   <agent start_id="80" goal_id="29"/>
   <agent start_id="66" goal_id="101"/>
   <agent start_id="151" goal_id="98"/>
   <agent start_id="103" goal_id="133"/>
   <agent start_id="96" goal_id="88"/>
   <agent start_id="31" goal_id="66"/>
   <agent start_id="56" goal_id="86"/>
   <agent start_id="111" goal_id="103"/>
   <agent start_id="124" goal_id="9"/>
   <agent start_id="22" goal_id="122"/>
   <agent start_id="116" goal_id="63"/>
   <agent start_id="46" goal_id="73"/>
   <agent start_id="6" goal_id="156"/>
   <agent start_id="93" goal_id="20"/>
</root>