<?xml version="1.0" ?>
<root>
   <agent start_id="168" goal_id="33"/>
   <agent start_id="163" goal_id="162"/>
   <agent start_id="45" goal_id="122"/>
   <agent start_id="10" goal_id="107"/>
   <agent start_id="112" goal_id="148"/>
   <agent start_id="160" goal_id="96"/>
   <agent start_id="55" goal_id="133"/>
   <agent start_id="51" goal_id="87"/>
   <agent start_id="76" goal_id="113"/>
   <agent start_id="30" goal_id="65"/>
   <agent start_id="158" goal_id="21"/>
   <agent start_id="124" goal_id="119"/>
   <agent start_id="109" goal_id="17"/>
   <agent start_id="97" goal_id="0"/>
   <agent start_id="28" goal_id="63"/>
   <agent start_id="48" goal_id="83"/>
   <agent start_id="6" goal_id="155"/>
   <agent start_id="105" goal_id="141"/>
   <agent start_id="56" goal_id="151"/>
   <agent start_id="94" goal_id="130"/>
   <agent start_id="58" goal_id="94"/>
   <agent start_id="41" goal_id="109"/>
   <agent start_id="111" goal_id="105"/>
   <agent start_id="24" goal_id="59"/>
   <agent start_id="49" goal_id="126"/>
   <agent start_id="80" goal_id="1"/>
   <agent start_id="101" goal_id="137"/>
   <agent start_id="102" goal_id="34"/>
   <agent start_id="44" goal_id="80"/>
   <agent start_id="82" goal_id="7"/>
   <agent start_id="164" goal_id="46"/>
   <agent start_id="106" goal_id="142"/>
   <agent start_id="40" goal_id="168"/>
   <agent start_id="154" goal_id="123"/>
   <agent start_id="113" goal_id="54"/>
   <agent start_id="1" goal_id="25"/>
   <agent start_id="122" goal_id="164"/>
   <agent start_id="133" goal_id="16"/>
   <agent start_id="104" goal_id="139"/>
   <agent start_id="35" goal_id="144"/>
   <agent start_id="68" goal_id="102"/>
   <agent start_id="67" goal_id="111"/>
   <agent start_id="132" goal_id="81"/>
   <agent start_id="95" goal_id="26"/>
   <agent start_id="59" goal_id="149"/>
   <agent start_id="150" goal_id="15"/>
   <agent start_id="11" goal_id="3"/>
   <agent start_id="100" goal_id="136"/>
   <agent start_id="64" goal_id="115"/>
   <agent start_id="118" goal_id="85"/>
   <agent start_id="137" goal_id="169"/>
   <agent start_id="92" goal_id="82"/>
   <agent start_id="4" goal_id="118"/>
   <agent start_id="13" goal_id="49"/>
   <agent start_id="8" goal_id="71"/>
   <agent start_id="63" goal_id="95"/>
   <agent start_id="20" goal_id="56"/>
   <agent start_id="22" goal_id="12"/>
   <agent start_id="142" goal_id="165"/>
   <agent start_id="134" goal_id="35"/>
   <agent start_id="33" goal_id="153"/>
   <agent start_id="108" goal_id="98"/>
   <agent start_id="62" goal_id="67"/>
   <agent start_id="53" goal_id="92"/>
   <agent start_id="16" goal_id="77"/>
   <agent start_id="3" goal_id="31"/>
   <agent start_id="129" goal_id="36"/>
   <agent start_id="165" goal_id="166"/>
   <agent start_id="99" goal_id="18"/>
   <agent start_id="32" goal_id="29"/>
   <agent start_id="136" goal_id="2"/>
   <agent start_id="135" goal_id="129"/>
   <agent start_id="73" goal_id="79"/>
   <agent start_id="38" goal_id="68"/>
   <agent start_id="66" goal_id="43"/>
   <agent start_id="126" goal_id="91"/>
   <agent start_id="25" goal_id="19"/>
   <agent start_id="29" goal_id="84"/>
   <agent start_id="161" goal_id="20"/>
   <agent start_id="65" goal_id="58"/>
   <agent start_id="123" goal_id="121"/>
   <agent start_id="93" goal_id="76"/>
   <agent start_id="86" goal_id="78"/>
   <agent start_id="98" goal_id="159"/>
   <agent start_id="127" goal_id="70"/>
   <agent start_id="140" goal_id="103"/>
   <agent start_id="125" goal_id="117"/>
   <agent start_id="36" goal_id="62"/>
   <agent start_id="155" goal_id="24"/>
   <agent start_id="119" goal_id="100"/>
   <agent start_id="167" goal_id="99"/>
   <agent start_id="103" goal_id="37"/>
   <agent start_id="110" goal_id="11"/>
   <agent start_id="2" goal_id="38"/>
   <agent start_id="146" goal_id="138"/>
   <agent start_id="90" goal_id="104"/>
   <agent start_id="88" goal_id="124"/>
   <agent start_id="47" goal_id="30"/>
   <agent start_id="130" goal_id="135"/>
   <agent start_id="139" goal_id="131"/>
</root>