<?xml version="1.0" ?>
<root>
   <agent start_id="75" goal_id="136"/>
   <agent start_id="33" goal_id="53"/>
   <agent start_id="17" goal_id="52"/>
   <agent start_id="147" goal_id="39"/>
   <agent start_id="38" goal_id="115"/>
   <agent start_id="96" goal_id="100"/>
   <agent start_id="64" goal_id="161"/>
   <agent start_id="23" goal_id="59"/>
   <agent start_id="9" goal_id="106"/>
   <agent start_id="111" goal_id="147"/>
   <agent start_id="29" goal_id="64"/>
   <agent start_id="164" goal_id="91"/>
   <agent start_id="14" goal_id="50"/>
   <agent start_id="0" goal_id="36"/>
   <agent start_id="102" goal_id="35"/>
   <agent start_id="34" goal_id="123"/>
   <agent start_id="113" goal_id="149"/>
   <agent start_id="114" goal_id="108"/>
   <agent start_id="4" goal_id="40"/>
   <agent start_id="5" goal_id="26"/>
   <agent start_id="16" goal_id="155"/>
   <agent start_id="52" goal_id="140"/>
   <agent start_id="105" goal_id="32"/>
   <agent start_id="125" goal_id="134"/>
   <agent start_id="11" goal_id="119"/>
   <agent start_id="44" goal_id="51"/>
   <agent start_id="69" goal_id="145"/>
   <agent start_id="68" goal_id="63"/>
   <agent start_id="156" goal_id="7"/>
   <agent start_id="60" goal_id="95"/>
   <agent start_id="122" goal_id="158"/>
   <agent start_id="39" goal_id="49"/>
   <agent start_id="79" goal_id="54"/>
   <agent start_id="3" goal_id="138"/>
   <agent start_id="50" goal_id="86"/>
   <agent start_id="118" goal_id="18"/>
   <agent start_id="138" goal_id="4"/>
   <agent start_id="22" goal_id="92"/>
   <agent start_id="123" goal_id="159"/>
   <agent start_id="15" goal_id="143"/>
   <agent start_id="41" goal_id="76"/>
   <agent start_id="66" goal_id="102"/>
   <agent start_id="169" goal_id="22"/>
   <agent start_id="87" goal_id="20"/>
   <agent start_id="46" goal_id="82"/>
   <agent start_id="43" goal_id="41"/>
   <agent start_id="120" goal_id="122"/>
   <agent start_id="58" goal_id="19"/>
   <agent start_id="145" goal_id="11"/>
   <agent start_id="104" goal_id="10"/>
   <agent start_id="26" goal_id="56"/>
   <agent start_id="63" goal_id="98"/>
   <agent start_id="48" goal_id="43"/>
   <agent start_id="130" goal_id="33"/>
   <agent start_id="95" goal_id="131"/>
   <agent start_id="126" goal_id="48"/>
   <agent start_id="53" goal_id="90"/>
   <agent start_id="142" goal_id="74"/>
   <agent start_id="98" goal_id="75"/>
   <agent start_id="55" goal_id="165"/>
   <agent start_id="149" goal_id="29"/>
   <agent start_id="80" goal_id="157"/>
   <agent start_id="82" goal_id="13"/>
   <agent start_id="139" goal_id="66"/>
   <agent start_id="159" goal_id="25"/>
   <agent start_id="31" goal_id="87"/>
   <agent start_id="107" goal_id="118"/>
   <agent start_id="35" goal_id="70"/>
   <agent start_id="154" goal_id="169"/>
   <agent start_id="92" goal_id="128"/>
   <agent start_id="153" goal_id="160"/>
   <agent start_id="129" goal_id="61"/>
   <agent start_id="27" goal_id="62"/>
   <agent start_id="83" goal_id="148"/>
   <agent start_id="155" goal_id="6"/>
   <agent start_id="140" goal_id="5"/>
   <agent start_id="97" goal_id="94"/>
   <agent start_id="90" goal_id="113"/>
   <agent start_id="109" goal_id="156"/>
   <agent start_id="161" goal_id="154"/>
   <agent start_id="65" goal_id="99"/>
   <agent start_id="32" goal_id="135"/>
   <agent start_id="89" goal_id="125"/>
   <agent start_id="49" goal_id="84"/>
   <agent start_id="136" goal_id="2"/>
   <agent start_id="2" goal_id="152"/>
   <agent start_id="25" goal_id="116"/>
   <agent start_id="101" goal_id="93"/>
   <agent start_id="168" goal_id="129"/>
   <agent start_id="166" goal_id="167"/>
   <agent start_id="42" goal_id="162"/>
   <agent start_id="45" goal_id="81"/>
   <agent start_id="1" goal_id="80"/>
   <agent start_id="20" goal_id="12"/>
   <agent start_id="93" goal_id="17"/>
   <agent start_id="77" goal_id="38"/>
   <agent start_id="40" goal_id="130"/>
   <agent start_id="36" goal_id="72"/>
   <agent start_id="72" goal_id="97"/>
   <agent start_id="124" goal_id="14"/>
</root>