<?xml version="1.0" ?>
<root>
    <agent id="0" start_i="0" start_j="2" goal_i="3" goal_j="9"/>
    <agent id="1" start_i="0" start_j="3" goal_i="15" goal_j="14"/>
    <agent id="2" start_i="14" start_j="4" goal_i="11" goal_j="14"/>
    <agent id="3" start_i="1" start_j="1" goal_i="8" goal_j="11"/>
    <agent id="4" start_i="6" start_j="0" goal_i="12" goal_j="1"/>
    <agent id="5" start_i="12" start_j="15" goal_i="1" goal_j="7"/>
    <agent id="6" start_i="4" start_j="13" goal_i="9" goal_j="8"/>
    <agent id="7" start_i="11" start_j="4" goal_i="13" goal_j="4"/>
    <agent id="8" start_i="9" start_j="4" goal_i="13" goal_j="0"/>
    <agent id="9" start_i="0" start_j="6" goal_i="9" goal_j="14"/>
    <agent id="10" start_i="13" start_j="7" goal_i="7" goal_j="6"/>
    <agent id="11" start_i="14" start_j="12" goal_i="0" goal_j="8"/>
    <agent id="12" start_i="15" start_j="1" goal_i="1" goal_j="4"/>
    <agent id="13" start_i="3" start_j="14" goal_i="11" goal_j="15"/>
    <agent id="14" start_i="12" start_j="10" goal_i="10" goal_j="15"/>
    <agent id="15" start_i="2" start_j="7" goal_i="9" goal_j="6"/>
    <agent id="16" start_i="7" start_j="9" goal_i="7" goal_j="13"/>
    <agent id="17" start_i="10" start_j="14" goal_i="13" goal_j="3"/>
    <agent id="18" start_i="8" start_j="4" goal_i="1" goal_j="0"/>
    <agent id="19" start_i="8" start_j="5" goal_i="0" goal_j="4"/>
    <agent id="20" start_i="15" start_j="2" goal_i="8" goal_j="7"/>
    <agent id="21" start_i="14" start_j="9" goal_i="12" goal_j="8"/>
    <agent id="22" start_i="4" start_j="9" goal_i="11" goal_j="1"/>
    <agent id="23" start_i="6" start_j="12" goal_i="4" goal_j="2"/>
    <agent id="24" start_i="7" start_j="3" goal_i="4" goal_j="7"/>
    <agent id="25" start_i="1" start_j="13" goal_i="7" goal_j="2"/>
    <agent id="26" start_i="4" start_j="14" goal_i="10" goal_j="8"/>
    <agent id="27" start_i="5" start_j="4" goal_i="11" goal_j="5"/>
    <agent id="28" start_i="9" start_j="1" goal_i="6" goal_j="9"/>
    <agent id="29" start_i="10" start_j="5" goal_i="8" goal_j="15"/>
    <agent id="30" start_i="14" start_j="6" goal_i="0" goal_j="7"/>
    <agent id="31" start_i="8" start_j="0" goal_i="4" goal_j="6"/>
    <agent id="32" start_i="9" start_j="3" goal_i="2" goal_j="11"/>
    <agent id="33" start_i="11" start_j="3" goal_i="14" goal_j="15"/>
    <agent id="34" start_i="10" start_j="12" goal_i="15" goal_j="8"/>
    <agent id="35" start_i="7" start_j="14" goal_i="9" goal_j="10"/>
    <agent id="36" start_i="0" start_j="15" goal_i="4" goal_j="8"/>
    <agent id="37" start_i="15" start_j="6" goal_i="12" goal_j="11"/>
    <agent id="38" start_i="8" start_j="6" goal_i="2" goal_j="9"/>
    <agent id="39" start_i="12" start_j="13" goal_i="15" goal_j="9"/>
    <agent id="40" start_i="4" start_j="5" goal_i="15" goal_j="13"/>
    <agent id="41" start_i="13" start_j="14" goal_i="1" goal_j="2"/>
    <agent id="42" start_i="3" start_j="10" goal_i="8" goal_j="8"/>
    <agent id="43" start_i="15" start_j="3" goal_i="0" goal_j="12"/>
    <agent id="44" start_i="2" start_j="2" goal_i="6" goal_j="5"/>
    <agent id="45" start_i="3" start_j="15" goal_i="11" goal_j="2"/>
    <agent id="46" start_i="10" start_j="11" goal_i="12" goal_j="5"/>
    <agent id="47" start_i="10" start_j="13" goal_i="14" goal_j="1"/>
    <agent id="48" start_i="2" start_j="8" goal_i="14" goal_j="10"/>
    <agent id="49" start_i="10" start_j="1" goal_i="6" goal_j="4"/>
    <agent id="50" start_i="12" start_j="3" goal_i="4" goal_j="4"/>
    <agent id="51" start_i="6" start_j="13" goal_i="14" goal_j="11"/>
    <agent id="52" start_i="5" start_j="14" goal_i="15" goal_j="11"/>
    <agent id="53" start_i="3" start_j="7" goal_i="7" goal_j="5"/>
    <agent id="54" start_i="1" start_j="10" goal_i="15" goal_j="0"/>
    <agent id="55" start_i="3" start_j="2" goal_i="3" goal_j="6"/>
    <agent id="56" start_i="2" start_j="12" goal_i="10" goal_j="3"/>
    <agent id="57" start_i="6" start_j="7" goal_i="0" goal_j="0"/>
    <agent id="58" start_i="13" start_j="13" goal_i="9" goal_j="7"/>
    <agent id="59" start_i="5" start_j="1" goal_i="6" goal_j="3"/>
    <agent id="60" start_i="12" start_j="2" goal_i="1" goal_j="5"/>
    <agent id="61" start_i="0" start_j="9" goal_i="13" goal_j="11"/>
    <agent id="62" start_i="7" start_j="1" goal_i="3" goal_j="12"/>
    <agent id="63" start_i="5" start_j="8" goal_i="5" goal_j="11"/>
    <agent id="64" start_i="10" start_j="9" goal_i="12" goal_j="14"/>
    <agent id="65" start_i="5" start_j="2" goal_i="1" goal_j="14"/>
    <agent id="66" start_i="13" start_j="5" goal_i="1" goal_j="12"/>
    <agent id="67" start_i="14" start_j="13" goal_i="5" goal_j="3"/>
    <agent id="68" start_i="12" start_j="12" goal_i="9" goal_j="11"/>
    <agent id="69" start_i="11" start_j="9" goal_i="9" goal_j="0"/>
    <agent id="70" start_i="7" start_j="8" goal_i="8" goal_j="2"/>
    <agent id="71" start_i="7" start_j="15" goal_i="12" goal_j="0"/>
    <agent id="72" start_i="0" start_j="14" goal_i="0" goal_j="1"/>
    <agent id="73" start_i="0" start_j="5" goal_i="6" goal_j="10"/>
    <agent id="74" start_i="3" start_j="1" goal_i="11" goal_j="7"/>
    <agent id="75" start_i="8" start_j="3" goal_i="11" goal_j="0"/>
    <agent id="76" start_i="15" start_j="10" goal_i="7" goal_j="12"/>
    <agent id="77" start_i="2" start_j="13" goal_i="15" goal_j="12"/>
    <agent id="78" start_i="14" start_j="3" goal_i="7" goal_j="11"/>
    <agent id="79" start_i="11" start_j="13" goal_i="10" goal_j="4"/>
    <agent id="80" start_i="14" start_j="7" goal_i="14" goal_j="14"/>
    <agent id="81" start_i="7" start_j="7" goal_i="2" goal_j="15"/>
    <agent id="82" start_i="6" start_j="2" goal_i="6" goal_j="6"/>
    <agent id="83" start_i="1" start_j="3" goal_i="13" goal_j="15"/>
    <agent id="84" start_i="8" start_j="9" goal_i="4" goal_j="3"/>
    <agent id="85" start_i="6" start_j="14" goal_i="13" goal_j="2"/>
    <agent id="86" start_i="2" start_j="6" goal_i="9" goal_j="2"/>
    <agent id="87" start_i="3" start_j="11" goal_i="5" goal_j="15"/>
    <agent id="88" start_i="8" start_j="10" goal_i="9" goal_j="5"/>
    <agent id="89" start_i="10" start_j="0" goal_i="9" goal_j="13"/>
    <agent id="90" start_i="1" start_j="15" goal_i="6" goal_j="11"/>
    <agent id="91" start_i="2" start_j="5" goal_i="13" goal_j="12"/>
    <agent id="92" start_i="14" start_j="5" goal_i="3" goal_j="5"/>
    <agent id="93" start_i="12" start_j="9" goal_i="11" goal_j="11"/>
    <agent id="94" start_i="15" start_j="7" goal_i="3" goal_j="4"/>
    <agent id="95" start_i="6" start_j="1" goal_i="8" goal_j="1"/>
    <agent id="96" start_i="15" start_j="15" goal_i="2" goal_j="1"/>
    <agent id="97" start_i="15" start_j="4" goal_i="8" goal_j="14"/>
    <agent id="98" start_i="4" start_j="10" goal_i="5" goal_j="13"/>
    <agent id="99" start_i="9" start_j="15" goal_i="7" goal_j="4"/>
    <agent id="100" start_i="2" start_j="0" goal_i="1" goal_j="8"/>
    <agent id="101" start_i="3" start_j="0" goal_i="8" goal_j="13"/>
    <agent id="102" start_i="5" start_j="12" goal_i="13" goal_j="6"/>
    <agent id="103" start_i="2" start_j="4" goal_i="2" goal_j="10"/>
    <agent id="104" start_i="4" start_j="12" goal_i="14" goal_j="8"/>
    <agent id="105" start_i="13" start_j="9" goal_i="7" goal_j="0"/>
    <agent id="106" start_i="0" start_j="13" goal_i="6" goal_j="15"/>
    <agent id="107" start_i="1" start_j="9" goal_i="4" goal_j="1"/>
    <agent id="108" start_i="5" start_j="10" goal_i="4" goal_j="15"/>
    <agent id="109" start_i="0" start_j="10" goal_i="3" goal_j="13"/>
    <agent id="110" start_i="14" start_j="0" goal_i="3" goal_j="3"/>
    <agent id="111" start_i="11" start_j="10" goal_i="0" goal_j="11"/>
    <agent id="112" start_i="11" start_j="6" goal_i="8" goal_j="12"/>
    <agent id="113" start_i="10" start_j="2" goal_i="7" goal_j="10"/>
    <agent id="114" start_i="2" start_j="3" goal_i="12" goal_j="7"/>
    <agent id="115" start_i="13" start_j="8" goal_i="3" goal_j="8"/>
    <agent id="116" start_i="1" start_j="6" goal_i="10" goal_j="6"/>
    <agent id="117" start_i="13" start_j="10" goal_i="11" goal_j="12"/>
    <agent id="118" start_i="6" start_j="8" goal_i="2" goal_j="14"/>
    <agent id="119" start_i="12" start_j="6" goal_i="13" goal_j="1"/>
    <agent id="120" start_i="9" start_j="9" goal_i="5" goal_j="0"/>
    <agent id="121" start_i="11" start_j="8" goal_i="5" goal_j="7"/>
    <agent id="122" start_i="10" start_j="7" goal_i="9" goal_j="12"/>
    <agent id="123" start_i="15" start_j="5" goal_i="5" goal_j="6"/>
    <agent id="124" start_i="14" start_j="2" goal_i="5" goal_j="5"/>
    <agent id="125" start_i="4" start_j="0" goal_i="10" goal_j="10"/>
    <agent id="126" start_i="5" start_j="9" goal_i="4" goal_j="11"/>
    <agent id="127" start_i="12" start_j="4" goal_i="1" goal_j="11"/>
</root>
